CREATE TABLE configuration (
    id integer PRIMARY KEY,
    locale character varying(2),
    name character varying(255),
    type character varying(20),
    value character varying(255)
);

CREATE TABLE answer (
    id integer PRIMARY KEY,
    create_date timestamp without time zone,
    locale character varying(2),
    pic character varying(255),
    pic2x character varying(255),
    question_id integer,
    update_date timestamp without time zone
);

CREATE TABLE question (
    id integer PRIMARY KEY,
    answer_correct integer,
    create_date timestamp without time zone,
    description character varying(255),
    locale character varying(2),
    pic character varying(255),
    pic2x character varying(255),
    points integer,
    title character varying(255),
    update_date timestamp without time zone
);

CREATE TABLE question_group (
    question_id integer NOT NULL REFERENCES question(id),
    groups character varying(255)
);

INSERT INTO configuration (id, name, type, locale, value) VALUES
(1, 'domain', NULL,'EN', 'https://www.mega-iq.com'),
(2, 'domain', NULL,'DE', 'https://de.mega-iq.com'),
(3, 'domain', NULL,'RU', 'https://ru.mega-iq.com'),
(4, 'test_title', 'PRACTICE_IQ', 'EN', 'test_title_PRACTICE_IQ'),
(5, 'test_title', 'PRACTICE_IQ', 'DE', 'test_title_PRACTICE_IQ'),
(6, 'test_title', 'PRACTICE_IQ', 'RU', 'test_title_PRACTICE_IQ'),
(7, 'test_title', 'STANDARD_IQ', 'EN', 'test_title_STANDARD_IQ'),
(8, 'test_title', 'STANDARD_IQ', 'DE', 'test_title_STANDARD_IQ'),
(9, 'test_title', 'STANDARD_IQ', 'RU', 'test_title_STANDARD_IQ'),
(10, 'test_title', 'MEGA_IQ', 'EN', 'test_title_MEGA_IQ'),
(11, 'test_title', 'MEGA_IQ', 'DE', 'test_title_MEGA_IQ'),
(12, 'test_title', 'MEGA_IQ', 'RU', 'test_title_MEGA_IQ'),
(13, 'test_title', 'MATH', 'EN', 'test_title_MATH'),
(14, 'test_title', 'MATH', 'DE', 'test_title_MATH'),
(15, 'test_title', 'MATH', 'RU', 'test_title_MATH'),
(16, 'test_title', 'GRAMMAR', 'EN', 'test_title_GRAMMAR'),
(17, 'test_title', 'GRAMMAR', 'DE', 'test_title_GRAMMAR'),
(18, 'test_title', 'GRAMMAR', 'RU', 'test_title_GRAMMAR'),
(19, 'email_subject_new_user', NULL,'EN', 'email_subject_new_user'),
(20, 'email_subject_new_user', NULL,'DE', 'email_subject_new_user'),
(21, 'email_subject_new_user', NULL,'RU', 'email_subject_new_user'),
(22, 'email_subject_email_verify', NULL,'EN', 'email_subject_email_verify'),
(23, 'email_subject_email_verify', NULL,'DE', 'email_subject_email_verify'),
(24, 'email_subject_email_verify', NULL,'RU', 'email_subject_email_verify'),
(25, 'email_subject_test_result', NULL,'EN', '{test_iq_result} - {test_type_title} finished successfully'),
(26, 'email_subject_test_result', NULL,'DE', '{test_iq_result} - {test_type_title} wurde erfolgreich beendet'),
(27, 'email_subject_test_result', NULL,'RU', '{test_iq_result} - {test_type_title} успешно пройден'),
(28, 'email_subject_forget', NULL,'EN', 'email_subject_forget'),
(29, 'email_subject_forget', NULL,'DE', 'email_subject_forget'),
(30, 'email_subject_forget', NULL,'RU', 'email_subject_forget'),
(31, 'email_subject_direct_login', NULL,'EN', 'email_subject_direct_login'),
(32, 'email_subject_direct_login', NULL,'DE', 'email_subject_direct_login'),
(33, 'email_subject_direct_login', NULL,'RU', 'email_subject_direct_login'),
(34, 'test_title_promo', 'PRACTICE_IQ', 'EN', 'test_title_promo_PRACTICE_IQ'),
(35, 'test_title_promo', 'STANDARD_IQ', 'EN', 'test_title_promo_STANDARD_IQ'),
(36, 'test_title_promo', 'MEGA_IQ', 'EN', 'test_title_promo_MEGA_IQ'),
(37, 'test_title_promo', 'MATH', 'EN', 'test_title_promo_MATH'),
(38, 'test_title_promo', 'GRAMMAR', 'EN', 'test_title_promo_GRAMMAR'),
(39, 'description', 'PRACTICE_IQ', 'EN', 'description_PRACTICE_IQ'),
(40, 'description', 'STANDARD_IQ', 'EN', 'description_STANDARD_IQ'),
(41, 'description', 'MEGA_IQ', 'EN', 'description_MEGA_IQ'),
(42, 'description', 'MATH', 'EN', 'description_MATH'),
(43, 'description', 'GRAMMAR', 'EN', 'description_GRAMMAR'),
(44, 'test_title_promo', 'PRACTICE_IQ', 'DE', 'test_title_promo_PRACTICE_IQ'),
(45, 'test_title_promo', 'STANDARD_IQ', 'DE', 'test_title_promo_STANDARD_IQ'),
(46, 'test_title_promo', 'MEGA_IQ', 'DE', 'test_title_promo_MEGA_IQ'),
(47, 'test_title_promo', 'MATH', 'DE', 'test_title_promo_MATH'),
(48, 'test_title_promo', 'GRAMMAR', 'DE', 'test_title_promo_GRAMMAR'),
(49, 'description', 'PRACTICE_IQ', 'DE', 'description_PRACTICE_IQ'),
(50, 'description', 'STANDARD_IQ', 'DE', 'description_STANDARD_IQ'),
(51, 'description', 'MEGA_IQ', 'DE', 'description_MEGA_IQ'),
(52, 'description', 'MATH', 'DE', 'description_MATH'),
(53, 'description', 'GRAMMAR', 'DE', 'description_GRAMMAR'),
(54, 'test_title_promo', 'PRACTICE_IQ', 'RU', 'test_title_promo_PRACTICE_IQ'),
(55, 'test_title_promo', 'STANDARD_IQ', 'RU', 'test_title_promo_STANDARD_IQ'),
(56, 'test_title_promo', 'MEGA_IQ', 'RU', 'test_title_promo_MEGA_IQ'),
(57, 'test_title_promo', 'MATH', 'RU', 'test_title_promo_MATH'),
(58, 'test_title_promo', 'GRAMMAR', 'RU', 'test_title_promo_GRAMMAR'),
(59, 'description', 'PRACTICE_IQ', 'RU', 'description_PRACTICE_IQ'),
(60, 'description', 'STANDARD_IQ', 'RU', 'description_STANDARD_IQ'),
(61, 'description', 'MEGA_IQ', 'RU', 'description_MEGA_IQ'),
(62, 'description', 'MATH', 'RU', 'description_MATH'),
(63, 'description', 'GRAMMAR', 'RU', 'description_GRAMMAR'),
(64, 'test_url', 'PRACTICE_IQ', NULL,'/iqtest/iq-practice'),
(65, 'test_url', 'STANDARD_IQ', NULL,'/iqtest/iq-standard'),
(66, 'test_url', 'MEGA_IQ', NULL,'/iqtest/mega-iq'),
(67, 'test_url', 'MATH', NULL,'/iqtest/math'),
(68, 'test_url', 'GRAMMAR', NULL,'/iqtest/grammar'),
(69, 'test_pic', 'PRACTICE_IQ', NULL,'https://img.mega-iq.com/g/iqtest/bg-big-practice.jpg'),
(70, 'test_pic', 'STANDARD_IQ', NULL,'https://img.mega-iq.com/g/iqtest/bg-big-standard.jpg'),
(71, 'test_pic', 'MEGA_IQ', NULL,'https://img.mega-iq.com/g/iqtest/bg-big-mega.jpg'),
(72, 'test_pic', 'MATH', NULL,'https://img.mega-iq.com/g/iqtest/bg-big-math.jpg'),
(73, 'test_pic', 'GRAMMAR', NULL,'https://img.mega-iq.com/g/iqtest/bg-big-grammar.jpg'),
(74, 'test_time', 'PRACTICE_IQ', NULL,'5'),
(75, 'test_time', 'STANDARD_IQ', NULL,'10'),
(76, 'test_time', 'MEGA_IQ', NULL,'30'),
(77, 'test_time', 'MATH', NULL,'10'),
(78, 'test_time', 'GRAMMAR', NULL,'10'),
(79, 'test_questions', 'PRACTICE_IQ', NULL,'4'),
(80, 'test_questions', 'STANDARD_IQ', NULL,'12'),
(81, 'test_questions', 'MEGA_IQ', NULL,'36'),
(82, 'test_questions', 'MATH', NULL,'12'),
(83, 'test_questions', 'GRAMMAR', NULL,'12'),
(84, 'message_start_test_fail', NULL,'EN', 'message_start_test_fail_EN'),
(85, 'message_delete_success', NULL,'EN', 'message_delete_success_EN'),
(86, 'message_internal_error', NULL,'EN', 'message_internal_error_EN'),
(87, 'message_invalid_access', NULL,'EN', 'message_invalid_access_EN'),
(88, 'message_wrong_request', NULL,'EN', 'message_wrong_request_EN'),
(89, 'message_start_test_fail', NULL,'RU', 'message_start_test_fail_RU'),
(90, 'message_delete_success', NULL,'RU', 'message_delete_success_RU'),
(91, 'message_internal_error', NULL,'RU', 'message_internal_error_RU'),
(92, 'message_invalid_access', NULL,'RU', 'message_invalid_access_RU'),
(93, 'message_wrong_request', NULL,'RU', 'message_wrong_request_RU'),
(94, 'message_start_test_fail', NULL,'DE', 'message_start_test_fail_DE'),
(95, 'message_delete_success', NULL,'DE', 'message_delete_success_DE'),
(96, 'message_internal_error', NULL,'DE', 'message_internal_error_DE'),
(97, 'message_invalid_access', NULL,'DE', 'message_invalid_access_DE'),
(98, 'message_wrong_request', NULL,'DE', 'message_wrong_request_DE'),
(99, 'test_expire', 'PRACTICE_IQ', NULL,'60'),
(100, 'test_expire', 'STANDARD_IQ', NULL,'60'),
(101, 'test_expire', 'MEGA_IQ', NULL,'60'),
(102, 'test_expire', 'MATH', NULL,'60'),
(103, 'test_expire', 'GRAMMAR', NULL,'60'),
(104, 'message_registration_failed', NULL,'EN', 'message_registration_failed_EN'),
(105, 'message_login_failed', NULL,'EN', 'message_login_failed_EN'),
(106, 'message_user_not_found', NULL,'EN', 'message_user_not_found_EN'),
(107, 'message_verify_email_send', NULL,'EN', 'message_verify_email_send_EN'),
(108, 'message_verify_success', NULL,'EN', 'message_verify_success_EN'),
(109, 'message_email_already_used', NULL,'EN', 'Email ''%s'' already exists'),
(110, 'message_email_forget_was_sent', NULL,'EN', 'message_email_forget_was_sent_EN'),
(112, 'message_registration_failed', NULL,'RU', 'message_registration_failed_RU'),
(113, 'message_login_failed', NULL,'RU', 'message_login_failed_RU'),
(114, 'message_user_not_found', NULL,'RU', 'message_user_not_found_RU'),
(115, 'message_verify_email_send', NULL,'RU', 'message_verify_email_send_RU'),
(116, 'message_verify_success', NULL,'RU', 'message_verify_success_RU'),
(117, 'message_email_already_used', NULL,'RU', 'Электронная почта ''%s'' уже существует'),
(118, 'message_email_forget_was_sent', NULL,'RU', 'message_email_forget_was_sent_RU'),
(120, 'message_registration_failed', NULL,'DE', 'message_registration_failed_DE'),
(121, 'message_login_failed', NULL,'DE', 'message_login_failed_DE'),
(122, 'message_user_not_found', NULL,'DE', 'message_user_not_found_DE'),
(123, 'message_verify_email_send', NULL,'DE', 'message_verify_email_send_DE'),
(124, 'message_verify_success', NULL,'DE', 'message_verify_success_DE'),
(125, 'message_email_already_used', NULL,'DE', 'E-Mail ''% s '' existiert bereits'),
(126, 'message_email_forget_was_sent', NULL,'DE', 'message_email_forget_was_sent_DE'),
(127, 'test_style_name', 'PRACTICE_IQ', NULL,'practice'),
(128, 'test_style_name', 'STANDARD_IQ', NULL,'standard'),
(129, 'test_style_name', 'MEGA_IQ', NULL,'megaiq'),
(130, 'test_style_name', 'MATH', NULL,'math'),
(131, 'test_style_name', 'GRAMMAR', NULL,'grammar'),
(132, 'domain', NULL,'ES', 'https://es.mega-iq.com'),
(133, 'test_title', 'PRACTICE_IQ', 'ES', 'test_title_ES'),
(134, 'test_title', 'STANDARD_IQ', 'ES', 'test_title_ES'),
(135, 'test_title', 'MEGA_IQ', 'ES', 'test_title_ES'),
(136, 'test_title', 'MATH', 'ES', 'test_title_ES'),
(137, 'test_title', 'GRAMMAR', 'ES', 'test_title_ES'),
(138, 'email_subject_new_user', NULL,'ES', 'email_subject_new_user_ES'),
(139, 'email_subject_email_verify', NULL,'ES', 'email_subject_email_verify_ES'),
(140, 'email_subject_test_result', NULL,'ES', 'email_subject_test_result_ES'),
(141, 'email_subject_forget', NULL,'ES', 'email_subject_forget_ES'),
(142, 'email_subject_direct_login', NULL,'ES', 'email_subject_direct_login_ES'),
(143, 'test_title_promo', 'PRACTICE_IQ', 'ES', 'test_title_promo_ES'),
(144, 'test_title_promo', 'STANDARD_IQ', 'ES', 'test_title_promo_ES'),
(145, 'test_title_promo', 'MEGA_IQ', 'ES', 'test_title_promo_ES'),
(146, 'test_title_promo', 'MATH', 'ES', 'test_title_promo_ES'),
(147, 'test_title_promo', 'GRAMMAR', 'ES', 'test_title_promo_ES'),
(148, 'description', 'PRACTICE_IQ', NULL,'description_ES'),
(149, 'description', 'STANDARD_IQ', NULL,'description_ES'),
(150, 'description', 'MEGA_IQ', NULL,'description_ES'),
(151, 'description', 'MATH', NULL,'description_ES'),
(152, 'description', 'GRAMMAR', NULL,'description_ES'),
(153, 'message_start_test_fail', NULL,'ES', 'message_start_test_fail_ES'),
(154, 'message_delete_success', NULL,'ES', 'message_delete_success_ES'),
(155, 'message_internal_error', NULL,'ES', 'message_internal_error_ES'),
(156, 'message_invalid_access', NULL,'ES', 'message_invalid_access_ES'),
(157, 'message_wrong_request', NULL,'ES', 'message_wrong_request_ES'),
(158, 'message_registration_failed', NULL,'ES', 'message_registration_failed_ES'),
(159, 'message_login_failed', NULL,'ES', 'message_login_failed_ES'),
(160, 'message_user_not_found', NULL,'ES', 'message_user_not_found_ES'),
(161, 'message_verify_email_send', NULL,'ES', 'message_verify_email_send_ES'),
(162, 'message_verify_success', NULL,'ES', 'message_verify_success_ES'),
(163, 'message_email_already_used', NULL,'ES', 'message_email_already_used_ES'),
(164, 'message_email_forget_was_sent', NULL,'ES', 'message_email_forget_was_sent_ES'),
(165, 'email_subject_import_user', NULL,'EN', 'email_subject_import_user_EN'),
(166, 'email_subject_import_user', NULL,'RU', 'email_subject_import_user_RU'),
(167, 'email_subject_import_user', NULL,'DE', 'email_subject_import_user_DE'),
(168, 'email_subject_import_user', NULL,'ES', 'email_subject_import_user_ES'),
(169, 'description', 'KIDS', 'EN', 'description_EN'),
(170, 'description', 'KIDS', 'DE', 'description_DE'),
(171, 'description', 'KIDS', 'RU', 'description_RU'),
(172, 'description', 'KIDS', 'ES', 'description_ES'),
(173, 'test_expire', 'KIDS', NULL,'120'),
(174, 'test_pic', 'KIDS', NULL,'https://img.mega-iq.com/g/iqtest/bg-big-kids.jpg'),
(175, 'test_questions', 'KIDS', NULL,'6'),
(176, 'test_style_name', 'KIDS', NULL,'kids'),
(177, 'test_time', 'KIDS', NULL,'10'),
(178, 'test_title', 'KIDS', 'RU', 'test_title_RU'),
(179, 'test_title', 'KIDS', 'EN', 'test_title_EN'),
(180, 'test_title', 'KIDS', 'DE', 'test_title_DE'),
(181, 'test_title', 'KIDS', 'ES', 'test_title_ES'),
(182, 'test_title_promo', 'KIDS', 'RU', 'test_title_promo_RU'),
(183, 'test_title_promo', 'KIDS', 'ES', 'test_title_promo_ES'),
(184, 'test_title_promo', 'KIDS', 'EN', 'test_title_promo_EN'),
(185, 'test_title_promo', 'KIDS', 'DE', 'test_title_promo_DE'),
(186, 'test_url', 'KIDS', NULL,'/iqtest/iq-kids');

insert into answer (id , pic, pic2x, question_id, create_date , update_date, locale ) values  
(1, 'q1img1-pic', 'q1img1-pic2x', 1,now(),now(),'EN'),
(2, 'q1img2-pic', 'q1img2-pic2x', 1,now(),now(),'EN'),
(3, 'q2img3-pic', 'q2img3-pic2x', 2,now(),now(),'EN'),
(4, 'q2img4-pic', 'q2img4-pic2x', 2,now(),now(),'EN'),
(5, 'q3img5-pic', 'q3img5-pic2x', 3,now(),now(),'EN'),
(6, 'q3img6-pic', 'q3img6-pic2x', 3,now(),now(),'EN'),
(7, 'q4img1-pic', 'q4img1-pic2x', 4,now(),now(),'EN'),
(8, 'q4img2-pic', 'q4img2-pic2x', 4,now(),now(),'EN'),
(9, 'q5img3-pic', 'q5img3-pic2x', 5,now(),now(),'EN'),
(10, 'q5img4-pic', 'q5img4-pic2x', 5,now(),now(),'EN'),
(11, 'q6img5-pic', 'q6img5-pic2x', 6,now(),now(),'EN'),
(12, 'q6img6-pic', 'q6img6-pic2x', 6,now(),now(),'EN'),
(13, 'q7img1-pic', 'q7img1-pic2x', 7,now(),now(),'EN'),
(14, 'q7img2-pic', 'q7img2-pic2x', 7,now(),now(),'EN'),
(15, 'q8img3-pic', 'q8img3-pic2x', 8,now(),now(),'EN'),
(16, 'q8img4-pic', 'q8img4-pic2x', 8,now(),now(),'EN'),
(17, 'q9img5-pic', 'q9img5-pic2x', 9,now(),now(),'EN'),
(18, 'q9img6-pic', 'q9img6-pic2x', 9,now(),now(),'EN'),
(19, 'q10img1-pic', 'q10img1-pic2x', 10,now(),now(),'EN'),
(20, 'q10img2-pic', 'q10img2-pic2x', 10,now(),now(),'EN'),
(21, 'q11img3-pic', 'q11img3-pic2x', 11,now(),now(),'EN'),
(22, 'q11img4-pic', 'q11img4-pic2x', 11,now(),now(),'EN'),
(23, 'q12img5-pic', 'q12img5-pic2x', 12,now(),now(),'EN'),
(24, 'q12img6-pic', 'q12img6-pic2x', 12,now(),now(),'EN'),
(25, 'q13img1-pic', 'q13img1-pic2x', 13,now(),now(),'EN'),
(26, 'q13img2-pic', 'q13img2-pic2x', 13,now(),now(),'EN'),
(27, 'q14img3-pic', 'q14img3-pic2x', 14,now(),now(),'EN'),
(28, 'q14img4-pic', 'q14img4-pic2x', 14,now(),now(),'EN'),
(29, 'q15img5-pic', 'q15img5-pic2x', 15,now(),now(),'EN'),
(30, 'q15img6-pic', 'q15img6-pic2x', 15,now(),now(),'EN'),
(31, 'q16img1-pic', 'q16img1-pic2x', 16,now(),now(),'EN'),
(32, 'q16img2-pic', 'q16img2-pic2x', 16,now(),now(),'EN'),
(33, 'q17img3-pic', 'q17img3-pic2x', 17,now(),now(),'EN'),
(34, 'q17img4-pic', 'q17img4-pic2x', 17,now(),now(),'EN'),
(35, 'q18img5-pic', 'q18img5-pic2x', 18,now(),now(),'EN'),
(36, 'q18img6-pic', 'q18img6-pic2x', 18,now(),now(),'EN'),
(37, 'q19img1-pic', 'q19img1-pic2x', 19,now(),now(),'EN'),
(38, 'q19img2-pic', 'q19img2-pic2x', 19,now(),now(),'EN'),
(39, 'q20img3-pic', 'q20img3-pic2x', 20,now(),now(),'EN'),
(40, 'q20img4-pic', 'q20img4-pic2x', 20,now(),now(),'EN'),
(41, 'q21img5-pic', 'q21img5-pic2x', 21,now(),now(),'EN'),
(42, 'q21img6-pic', 'q21img6-pic2x', 21,now(),now(),'EN'),
(43, 'q22img1-pic', 'q22img1-pic2x', 22,now(),now(),'EN'),
(44, 'q22img2-pic', 'q22img2-pic2x', 22,now(),now(),'EN'),
(45, 'q23img3-pic', 'q23img3-pic2x', 23,now(),now(),'EN'),
(46, 'q23img4-pic', 'q23img4-pic2x', 23,now(),now(),'EN'),
(47, 'q24img5-pic', 'q24img5-pic2x', 24,now(),now(),'EN'),
(48, 'q24img6-pic', 'q24img6-pic2x', 24,now(),now(),'EN'),
(49, 'q25img1-pic', 'q25img1-pic2x', 25,now(),now(),'EN'),
(50, 'q25img2-pic', 'q25img2-pic2x', 25,now(),now(),'EN'),
(51, 'q26img3-pic', 'q26img3-pic2x', 26,now(),now(),'EN'),
(52, 'q26img4-pic', 'q26img4-pic2x', 26,now(),now(),'EN'),
(53, 'q27img5-pic', 'q27img5-pic2x', 27,now(),now(),'EN'),
(54, 'q27img6-pic', 'q27img6-pic2x', 27,now(),now(),'EN'),
(55, 'q28img1-pic', 'q28img1-pic2x', 28,now(),now(),'EN'),
(56, 'q28img2-pic', 'q28img2-pic2x', 28,now(),now(),'EN'),
(57, 'q29img3-pic', 'q29img3-pic2x', 29,now(),now(),'EN'),
(58, 'q29img4-pic', 'q29img4-pic2x', 29,now(),now(),'EN'),
(59, 'q30img5-pic', 'q30img5-pic2x', 30,now(),now(),'EN'),
(60, 'q30img6-pic', 'q30img6-pic2x', 30,now(),now(),'EN'),
(61, 'q31img1-pic', 'q31img1-pic2x', 31,now(),now(),'EN'),
(62, 'q31img2-pic', 'q31img2-pic2x', 31,now(),now(),'EN'),
(63, 'q32img3-pic', 'q32img3-pic2x', 32,now(),now(),'EN'),
(64, 'q32img4-pic', 'q32img4-pic2x', 32,now(),now(),'EN'),
(65, 'q33img5-pic', 'q33img5-pic2x', 33,now(),now(),'EN'),
(66, 'q33img6-pic', 'q33img6-pic2x', 33,now(),now(),'EN'),
(67, 'q34img1-pic', 'q34img1-pic2x', 34,now(),now(),'EN'),
(68, 'q34img2-pic', 'q34img2-pic2x', 34,now(),now(),'EN'),
(69, 'q35img3-pic', 'q35img3-pic2x', 35,now(),now(),'EN'),
(70, 'q35img4-pic', 'q35img4-pic2x', 35,now(),now(),'EN'),
(71, 'q36img5-pic', 'q36img5-pic2x', 36,now(),now(),'EN'),
(72, 'q36img6-pic', 'q36img6-pic2x', 36,now(),now(),'EN'),
(73, 'q37img1-pic', 'q37img1-pic2x', 37,now(),now(),'EN'),
(74, 'q37img2-pic', 'q37img2-pic2x', 37,now(),now(),'EN'),
(75, 'q38img3-pic', 'q38img3-pic2x', 38,now(),now(),'EN'),
(76, 'q38img4-pic', 'q38img4-pic2x', 38,now(),now(),'EN'),
(77, 'q39img5-pic', 'q39img5-pic2x', 39,now(),now(),'EN'),
(78, 'q39img6-pic', 'q39img6-pic2x', 39,now(),now(),'EN'),
(79, 'q40img1-pic', 'q40img1-pic2x', 40,now(),now(),'EN'),
(80, 'q40img2-pic', 'q40img2-pic2x', 40,now(),now(),'EN'),
(81, 'q41img3-pic', 'q41img3-pic2x', 41,now(),now(),'EN'),
(82, 'q41img4-pic', 'q41img4-pic2x', 41,now(),now(),'EN'),
(83, 'q42img5-pic', 'q42img5-pic2x', 42,now(),now(),'EN'),
(84, 'q42img6-pic', 'q42img6-pic2x', 42,now(),now(),'EN'),
(85, 'q43img1-pic', 'q43img1-pic2x', 43,now(),now(),'EN'),
(86, 'q43img2-pic', 'q43img2-pic2x', 43,now(),now(),'EN'),
(87, 'q44img3-pic', 'q44img3-pic2x', 44,now(),now(),'EN'),
(88, 'q44img4-pic', 'q44img4-pic2x', 44,now(),now(),'EN'),
(89, 'q45img5-pic', 'q45img5-pic2x', 45,now(),now(),'EN'),
(90, 'q45img6-pic', 'q45img6-pic2x', 45,now(),now(),'EN'),
(91, 'q46img1-pic', 'q46img1-pic2x', 46,now(),now(),'EN'),
(92, 'q46img2-pic', 'q46img2-pic2x', 46,now(),now(),'EN'),
(93, 'q47img3-pic', 'q47img3-pic2x', 47,now(),now(),'EN'),
(94, 'q47img4-pic', 'q47img4-pic2x', 47,now(),now(),'EN'),
(95, 'q48img5-pic', 'q48img5-pic2x', 48,now(),now(),'EN'),
(96, 'q48img6-pic', 'q48img6-pic2x', 48,now(),now(),'EN'),
(97, 'q49img1-pic', 'q49img1-pic2x', 49,now(),now(),'EN'),
(98, 'q49img2-pic', 'q49img2-pic2x', 49,now(),now(),'EN'),
(99, 'q50img3-pic', 'q50img3-pic2x', 50,now(),now(),'EN'),
(100, 'q50img4-pic', 'q50img4-pic2x', 50,now(),now(),'EN'),
(101, 'q51img5-pic', 'q51img5-pic2x', 51,now(),now(),'EN'),
(102, 'q51img6-pic', 'q51img6-pic2x', 51,now(),now(),'EN'),
(103, 'q52img1-pic', 'q52img1-pic2x', 52,now(),now(),'EN'),
(104, 'q52img2-pic', 'q52img2-pic2x', 52,now(),now(),'EN'),
(105, 'q53img3-pic', 'q53img3-pic2x', 53,now(),now(),'EN'),
(106, 'q53img4-pic', 'q53img4-pic2x', 53,now(),now(),'EN'),
(107, 'q54img5-pic', 'q54img5-pic2x', 54,now(),now(),'EN'),
(108, 'q54img6-pic', 'q54img6-pic2x', 54,now(),now(),'EN'),
(109, 'q55img1-pic', 'q55img1-pic2x', 55,now(),now(),'EN'),
(110, 'q55img2-pic', 'q55img2-pic2x', 55,now(),now(),'EN'),
(111, 'q56img3-pic', 'q56img3-pic2x', 56,now(),now(),'EN'),
(112, 'q56img4-pic', 'q56img4-pic2x', 56,now(),now(),'EN'),
(113, 'q57img5-pic', 'q57img5-pic2x', 57,now(),now(),'EN'),
(114, 'q57img6-pic', 'q57img6-pic2x', 57,now(),now(),'EN'),
(115, 'q58img1-pic', 'q58img1-pic2x', 58,now(),now(),'EN'),
(116, 'q58img2-pic', 'q58img2-pic2x', 58,now(),now(),'EN'),
(117, 'q59img3-pic', 'q59img3-pic2x', 59,now(),now(),'EN'),
(118, 'q59img4-pic', 'q59img4-pic2x', 59,now(),now(),'EN'),
(119, 'q60img5-pic', 'q60img5-pic2x', 60,now(),now(),'EN'),
(120, 'q60img6-pic', 'q60img6-pic2x', 60,now(),now(),'EN'),
(121, 'q61img1-pic', 'q61img1-pic2x', 61,now(),now(),'EN'),
(122, 'q61img2-pic', 'q61img2-pic2x', 61,now(),now(),'EN'),
(123, 'q62img3-pic', 'q62img3-pic2x', 62,now(),now(),'EN'),
(124, 'q62img4-pic', 'q62img4-pic2x', 62,now(),now(),'EN'),
(125, 'q63img5-pic', 'q63img5-pic2x', 63,now(),now(),'EN'),
(126, 'q63img6-pic', 'q63img6-pic2x', 63,now(),now(),'EN'),
(127, 'q64img1-pic', 'q64img1-pic2x', 64,now(),now(),'EN'),
(128, 'q64img2-pic', 'q64img2-pic2x', 64,now(),now(),'EN'),
(129, 'q65img3-pic', 'q65img3-pic2x', 65,now(),now(),'EN'),
(130, 'q65img4-pic', 'q65img4-pic2x', 65,now(),now(),'EN'),
(131, 'q66img5-pic', 'q66img5-pic2x', 66,now(),now(),'EN'),
(132, 'q66img6-pic', 'q66img6-pic2x', 66,now(),now(),'EN'),
(133, 'q67img1-pic', 'q67img1-pic2x', 67,now(),now(),'EN'),
(134, 'q67img2-pic', 'q67img2-pic2x', 67,now(),now(),'EN'),
(135, 'q68img3-pic', 'q68img3-pic2x', 68,now(),now(),'EN'),
(136, 'q68img4-pic', 'q68img4-pic2x', 68,now(),now(),'EN'),
(137, 'q69img5-pic', 'q69img5-pic2x', 69,now(),now(),'EN'),
(138, 'q69img6-pic', 'q69img6-pic2x', 69,now(),now(),'EN'),
(139, 'q70img1-pic', 'q70img1-pic2x', 70,now(),now(),'EN'),
(140, 'q70img2-pic', 'q70img2-pic2x', 70,now(),now(),'EN'),
(141, 'q71img3-pic', 'q71img3-pic2x', 71,now(),now(),'EN'),
(142, 'q71img4-pic', 'q71img4-pic2x', 71,now(),now(),'EN'),
(143, 'q72img5-pic', 'q72img5-pic2x', 72,now(),now(),'EN'),
(144, 'q72img6-pic', 'q72img6-pic2x', 72,now(),now(),'EN'),
(145, 'q73img1-pic', 'q73img1-pic2x', 73,now(),now(),'EN'),
(146, 'q73img2-pic', 'q73img2-pic2x', 73,now(),now(),'EN'),
(147, 'q74img3-pic', 'q74img3-pic2x', 74,now(),now(),'EN'),
(148, 'q74img4-pic', 'q74img4-pic2x', 74,now(),now(),'EN'),
(149, 'q75img5-pic', 'q75img5-pic2x', 75,now(),now(),'EN'),
(150, 'q75img6-pic', 'q75img6-pic2x', 75,now(),now(),'EN'),
(151, 'q76img1-pic', 'q76img1-pic2x', 76,now(),now(),'EN'),
(152, 'q76img2-pic', 'q76img2-pic2x', 76,now(),now(),'EN'),
(153, 'q77img3-pic', 'q77img3-pic2x', 77,now(),now(),'EN'),
(154, 'q77img4-pic', 'q77img4-pic2x', 77,now(),now(),'EN'),
(155, 'q78img5-pic', 'q78img5-pic2x', 78,now(),now(),'EN'),
(156, 'q78img6-pic', 'q78img6-pic2x', 78,now(),now(),'EN'),
(157, 'q79img1-pic', 'q79img1-pic2x', 79,now(),now(),'EN'),
(158, 'q79img2-pic', 'q79img2-pic2x', 79,now(),now(),'EN'),
(159, 'q80img3-pic', 'q80img3-pic2x', 80,now(),now(),'EN'),
(160, 'q80img4-pic', 'q80img4-pic2x', 80,now(),now(),'EN'),
(161, 'q81img5-pic', 'q81img5-pic2x', 81,now(),now(),'EN'),
(162, 'q81img6-pic', 'q81img6-pic2x', 81,now(),now(),'EN'),
(163, 'q82img1-pic', 'q82img1-pic2x', 82,now(),now(),'EN'),
(164, 'q82img2-pic', 'q82img2-pic2x', 82,now(),now(),'EN'),
(165, 'q83img3-pic', 'q83img3-pic2x', 83,now(),now(),'EN'),
(166, 'q83img4-pic', 'q83img4-pic2x', 83,now(),now(),'EN'),
(167, 'q84img5-pic', 'q84img5-pic2x', 84,now(),now(),'EN'),
(168, 'q84img6-pic', 'q84img6-pic2x', 84,now(),now(),'EN'),
(169, 'q85img1-pic', 'q85img1-pic2x', 85,now(),now(),'EN'),
(170, 'q85img2-pic', 'q85img2-pic2x', 85,now(),now(),'EN'),
(171, 'q86img3-pic', 'q86img3-pic2x', 86,now(),now(),'EN'),
(172, 'q86img4-pic', 'q86img4-pic2x', 86,now(),now(),'EN'),
(173, 'q87img5-pic', 'q87img5-pic2x', 87,now(),now(),'EN'),
(174, 'q87img6-pic', 'q87img6-pic2x', 87,now(),now(),'EN'),
(175, 'q88img1-pic', 'q88img1-pic2x', 88,now(),now(),'EN'),
(176, 'q88img2-pic', 'q88img2-pic2x', 88,now(),now(),'EN'),
(177, 'q89img3-pic', 'q89img3-pic2x', 89,now(),now(),'EN'),
(178, 'q89img4-pic', 'q89img4-pic2x', 89,now(),now(),'EN'),
(179, 'q90img5-pic', 'q90img5-pic2x', 90,now(),now(),'EN'),
(180, 'q90img6-pic', 'q90img6-pic2x', 90,now(),now(),'EN'),
(181, 'q91img1-pic', 'q91img1-pic2x', 91,now(),now(),'EN'),
(182, 'q91img2-pic', 'q91img2-pic2x', 91,now(),now(),'EN'),
(183, 'q92img3-pic', 'q92img3-pic2x', 92,now(),now(),'EN'),
(184, 'q92img4-pic', 'q92img4-pic2x', 92,now(),now(),'EN'),
(185, 'q93img5-pic', 'q93img5-pic2x', 93,now(),now(),'EN'),
(186, 'q93img6-pic', 'q93img6-pic2x', 93,now(),now(),'EN'),
(187, 'q94img1-pic', 'q94img1-pic2x', 94,now(),now(),'EN'),
(188, 'q94img2-pic', 'q94img2-pic2x', 94,now(),now(),'EN'),
(189, 'q95img3-pic', 'q95img3-pic2x', 95,now(),now(),'EN'),
(190, 'q95img4-pic', 'q95img4-pic2x', 95,now(),now(),'EN'),
(191, 'q96img5-pic', 'q96img5-pic2x', 96,now(),now(),'EN'),
(192, 'q96img6-pic', 'q96img6-pic2x', 96,now(),now(),'EN'),
(193, 'q97img1-pic', 'q97img1-pic2x', 97,now(),now(),'EN'),
(194, 'q97img2-pic', 'q97img2-pic2x', 97,now(),now(),'EN'),
(195, 'q98img3-pic', 'q98img3-pic2x', 98,now(),now(),'EN'),
(196, 'q98img4-pic', 'q98img4-pic2x', 98,now(),now(),'EN'),
(197, 'q99img5-pic', 'q99img5-pic2x', 99,now(),now(),'EN'),
(198, 'q99img6-pic', 'q99img6-pic2x', 99,now(),now(),'EN'),
(199, 'q100img1-pic', 'q100img1-pic2x', 100,now(),now(),'EN'),
(200, 'q100img2-pic', 'q100img2-pic2x', 100,now(),now(),'EN'),
(1000, 'q1000img3-pic', 'q1000img3-pic2x', 1000,now(),now(),'DE'),
(1001, 'q1000img4-pic', 'q1000img4-pic2x', 1000,now(),now(),'DE'),
(1002, 'q1001img5-pic', 'q1001img5-pic2x', 1001,now(),now(),'DE'),
(1003, 'q1001img6-pic', 'q1001img6-pic2x', 1001,now(),now(),'DE'),
(1004, 'q1002img1-pic', 'q1002img1-pic2x', 1002,now(),now(),'DE'),
(1005, 'q1002img2-pic', 'q1002img2-pic2x', 1002,now(),now(),'DE'),
(1006, 'q1003img3-pic', 'q1003img3-pic2x', 1003,now(),now(),'DE'),
(1007, 'q1003img4-pic', 'q1003img4-pic2x', 1003,now(),now(),'DE'),
(1008, 'q1004img5-pic', 'q1004img5-pic2x', 1004,now(),now(),'DE'),
(1009, 'q1004img6-pic', 'q1004img6-pic2x', 1004,now(),now(),'DE'),
(1010, 'q1005img1-pic', 'q1005img1-pic2x', 1005,now(),now(),'DE'),
(1011, 'q1005img2-pic', 'q1005img2-pic2x', 1005,now(),now(),'DE'),
(1012, 'q1006img3-pic', 'q1006img3-pic2x', 1006,now(),now(),'DE'),
(1013, 'q1006img4-pic', 'q1006img4-pic2x', 1006,now(),now(),'DE'),
(1014, 'q1007img5-pic', 'q1007img5-pic2x', 1007,now(),now(),'DE'),
(1015, 'q1007img6-pic', 'q1007img6-pic2x', 1007,now(),now(),'DE'),
(1016, 'q1008img1-pic', 'q1008img1-pic2x', 1008,now(),now(),'DE'),
(1017, 'q1008img2-pic', 'q1008img2-pic2x', 1008,now(),now(),'DE'),
(1018, 'q1009img3-pic', 'q1009img3-pic2x', 1009,now(),now(),'DE'),
(1019, 'q1009img4-pic', 'q1009img4-pic2x', 1009,now(),now(),'DE'),
(1020, 'q1010img5-pic', 'q1010img5-pic2x', 1010,now(),now(),'DE'),
(1021, 'q1010img6-pic', 'q1010img6-pic2x', 1010,now(),now(),'DE'),
(1022, 'q1011img1-pic', 'q1011img1-pic2x', 1011,now(),now(),'DE'),
(1023, 'q1011img2-pic', 'q1011img2-pic2x', 1011,now(),now(),'DE'),
(1024, 'q1012img3-pic', 'q1012img3-pic2x', 1012,now(),now(),'DE'),
(1025, 'q1012img4-pic', 'q1012img4-pic2x', 1012,now(),now(),'DE'),
(1026, 'q1013img5-pic', 'q1013img5-pic2x', 1013,now(),now(),'DE'),
(1027, 'q1013img6-pic', 'q1013img6-pic2x', 1013,now(),now(),'DE'),
(1028, 'q1014img1-pic', 'q1014img1-pic2x', 1014,now(),now(),'DE'),
(1029, 'q1014img2-pic', 'q1014img2-pic2x', 1014,now(),now(),'DE'),
(1030, 'q1015img3-pic', 'q1015img3-pic2x', 1015,now(),now(),'DE'),
(1031, 'q1015img4-pic', 'q1015img4-pic2x', 1015,now(),now(),'DE'),
(1032, 'q1016img5-pic', 'q1016img5-pic2x', 1016,now(),now(),'DE'),
(1033, 'q1016img6-pic', 'q1016img6-pic2x', 1016,now(),now(),'DE'),
(1034, 'q1017img1-pic', 'q1017img1-pic2x', 1017,now(),now(),'DE'),
(1035, 'q1017img2-pic', 'q1017img2-pic2x', 1017,now(),now(),'DE'),
(1036, 'q1018img3-pic', 'q1018img3-pic2x', 1018,now(),now(),'DE'),
(1037, 'q1018img4-pic', 'q1018img4-pic2x', 1018,now(),now(),'DE'),
(1038, 'q1019img5-pic', 'q1019img5-pic2x', 1019,now(),now(),'DE'),
(1039, 'q1019img6-pic', 'q1019img6-pic2x', 1019,now(),now(),'DE'),
(1040, 'q1020img1-pic', 'q1020img1-pic2x', 1020,now(),now(),'DE'),
(1041, 'q1020img2-pic', 'q1020img2-pic2x', 1020,now(),now(),'DE'),
(1042, 'q1021img3-pic', 'q1021img3-pic2x', 1021,now(),now(),'DE'),
(1043, 'q1021img4-pic', 'q1021img4-pic2x', 1021,now(),now(),'DE'),
(1044, 'q1022img5-pic', 'q1022img5-pic2x', 1022,now(),now(),'DE'),
(1045, 'q1022img6-pic', 'q1022img6-pic2x', 1022,now(),now(),'DE'),
(1046, 'q1023img1-pic', 'q1023img1-pic2x', 1023,now(),now(),'DE'),
(1047, 'q1023img2-pic', 'q1023img2-pic2x', 1023,now(),now(),'DE'),
(1048, 'q1024img3-pic', 'q1024img3-pic2x', 1024,now(),now(),'DE'),
(1049, 'q1024img4-pic', 'q1024img4-pic2x', 1024,now(),now(),'DE'),
(1050, 'q1025img5-pic', 'q1025img5-pic2x', 1025,now(),now(),'DE'),
(1051, 'q1025img6-pic', 'q1025img6-pic2x', 1025,now(),now(),'DE'),
(1052, 'q1026img1-pic', 'q1026img1-pic2x', 1026,now(),now(),'DE'),
(1053, 'q1026img2-pic', 'q1026img2-pic2x', 1026,now(),now(),'DE'),
(1054, 'q1027img3-pic', 'q1027img3-pic2x', 1027,now(),now(),'DE'),
(1055, 'q1027img4-pic', 'q1027img4-pic2x', 1027,now(),now(),'DE'),
(1056, 'q1028img5-pic', 'q1028img5-pic2x', 1028,now(),now(),'DE'),
(1057, 'q1028img6-pic', 'q1028img6-pic2x', 1028,now(),now(),'DE'),
(1058, 'q1029img1-pic', 'q1029img1-pic2x', 1029,now(),now(),'DE'),
(1059, 'q1029img2-pic', 'q1029img2-pic2x', 1029,now(),now(),'DE'),
(1060, 'q1030img3-pic', 'q1030img3-pic2x', 1030,now(),now(),'DE'),
(1061, 'q1030img4-pic', 'q1030img4-pic2x', 1030,now(),now(),'DE'),
(1062, 'q1031img5-pic', 'q1031img5-pic2x', 1031,now(),now(),'DE'),
(1063, 'q1031img6-pic', 'q1031img6-pic2x', 1031,now(),now(),'DE'),
(1064, 'q1032img1-pic', 'q1032img1-pic2x', 1032,now(),now(),'DE'),
(1065, 'q1032img2-pic', 'q1032img2-pic2x', 1032,now(),now(),'DE'),
(1066, 'q1033img3-pic', 'q1033img3-pic2x', 1033,now(),now(),'DE'),
(1067, 'q1033img4-pic', 'q1033img4-pic2x', 1033,now(),now(),'DE'),
(1068, 'q1034img5-pic', 'q1034img5-pic2x', 1034,now(),now(),'DE'),
(1069, 'q1034img6-pic', 'q1034img6-pic2x', 1034,now(),now(),'DE'),
(1070, 'q1035img1-pic', 'q1035img1-pic2x', 1035,now(),now(),'DE'),
(1071, 'q1035img2-pic', 'q1035img2-pic2x', 1035,now(),now(),'DE'),
(1072, 'q1036img3-pic', 'q1036img3-pic2x', 1036,now(),now(),'DE'),
(1073, 'q1036img4-pic', 'q1036img4-pic2x', 1036,now(),now(),'DE'),
(1074, 'q1037img5-pic', 'q1037img5-pic2x', 1037,now(),now(),'DE'),
(1075, 'q1037img6-pic', 'q1037img6-pic2x', 1037,now(),now(),'DE'),
(1076, 'q1038img1-pic', 'q1038img1-pic2x', 1038,now(),now(),'DE'),
(1077, 'q1038img2-pic', 'q1038img2-pic2x', 1038,now(),now(),'DE'),
(1078, 'q1039img3-pic', 'q1039img3-pic2x', 1039,now(),now(),'DE'),
(1079, 'q1039img4-pic', 'q1039img4-pic2x', 1039,now(),now(),'DE'),
(1080, 'q1040img5-pic', 'q1040img5-pic2x', 1040,now(),now(),'DE'),
(1081, 'q1040img6-pic', 'q1040img6-pic2x', 1040,now(),now(),'DE'),
(1082, 'q1041img1-pic', 'q1041img1-pic2x', 1041,now(),now(),'DE'),
(1083, 'q1041img2-pic', 'q1041img2-pic2x', 1041,now(),now(),'DE'),
(1084, 'q1042img3-pic', 'q1042img3-pic2x', 1042,now(),now(),'DE'),
(1085, 'q1042img4-pic', 'q1042img4-pic2x', 1042,now(),now(),'DE'),
(1086, 'q1043img5-pic', 'q1043img5-pic2x', 1043,now(),now(),'DE'),
(1087, 'q1043img6-pic', 'q1043img6-pic2x', 1043,now(),now(),'DE'),
(1088, 'q1044img1-pic', 'q1044img1-pic2x', 1044,now(),now(),'DE'),
(1089, 'q1044img2-pic', 'q1044img2-pic2x', 1044,now(),now(),'DE'),
(1090, 'q1045img3-pic', 'q1045img3-pic2x', 1045,now(),now(),'DE'),
(1091, 'q1045img4-pic', 'q1045img4-pic2x', 1045,now(),now(),'DE'),
(1092, 'q1046img5-pic', 'q1046img5-pic2x', 1046,now(),now(),'DE'),
(1093, 'q1046img6-pic', 'q1046img6-pic2x', 1046,now(),now(),'DE'),
(1094, 'q1047img1-pic', 'q1047img1-pic2x', 1047,now(),now(),'DE'),
(1095, 'q1047img2-pic', 'q1047img2-pic2x', 1047,now(),now(),'DE'),
(1096, 'q1048img3-pic', 'q1048img3-pic2x', 1048,now(),now(),'DE'),
(1097, 'q1048img4-pic', 'q1048img4-pic2x', 1048,now(),now(),'DE'),
(1098, 'q1049img5-pic', 'q1049img5-pic2x', 1049,now(),now(),'DE'),
(1099, 'q1049img6-pic', 'q1049img6-pic2x', 1049,now(),now(),'DE'),
(1100, 'q1050img1-pic', 'q1050img1-pic2x', 1050,now(),now(),'DE'),
(1101, 'q1050img2-pic', 'q1050img2-pic2x', 1050,now(),now(),'DE'),
(1102, 'q1051img3-pic', 'q1051img3-pic2x', 1051,now(),now(),'DE'),
(1103, 'q1051img4-pic', 'q1051img4-pic2x', 1051,now(),now(),'DE'),
(1104, 'q1052img5-pic', 'q1052img5-pic2x', 1052,now(),now(),'DE'),
(1105, 'q1052img6-pic', 'q1052img6-pic2x', 1052,now(),now(),'DE'),
(1106, 'q1053img1-pic', 'q1053img1-pic2x', 1053,now(),now(),'DE'),
(1107, 'q1053img2-pic', 'q1053img2-pic2x', 1053,now(),now(),'DE'),
(1108, 'q1054img3-pic', 'q1054img3-pic2x', 1054,now(),now(),'DE'),
(1109, 'q1054img4-pic', 'q1054img4-pic2x', 1054,now(),now(),'DE'),
(1110, 'q1055img5-pic', 'q1055img5-pic2x', 1055,now(),now(),'DE'),
(1111, 'q1055img6-pic', 'q1055img6-pic2x', 1055,now(),now(),'DE'),
(1112, 'q1056img1-pic', 'q1056img1-pic2x', 1056,now(),now(),'DE'),
(1113, 'q1056img2-pic', 'q1056img2-pic2x', 1056,now(),now(),'DE'),
(1114, 'q1057img3-pic', 'q1057img3-pic2x', 1057,now(),now(),'DE'),
(1115, 'q1057img4-pic', 'q1057img4-pic2x', 1057,now(),now(),'DE'),
(1116, 'q1058img5-pic', 'q1058img5-pic2x', 1058,now(),now(),'DE'),
(1117, 'q1058img6-pic', 'q1058img6-pic2x', 1058,now(),now(),'DE'),
(1118, 'q1059img1-pic', 'q1059img1-pic2x', 1059,now(),now(),'DE'),
(1119, 'q1059img2-pic', 'q1059img2-pic2x', 1059,now(),now(),'DE'),
(1120, 'q1060img3-pic', 'q1060img3-pic2x', 1060,now(),now(),'DE'),
(1121, 'q1060img4-pic', 'q1060img4-pic2x', 1060,now(),now(),'DE'),
(1122, 'q1061img5-pic', 'q1061img5-pic2x', 1061,now(),now(),'DE'),
(1123, 'q1061img6-pic', 'q1061img6-pic2x', 1061,now(),now(),'DE'),
(1124, 'q1062img1-pic', 'q1062img1-pic2x', 1062,now(),now(),'DE'),
(1125, 'q1062img2-pic', 'q1062img2-pic2x', 1062,now(),now(),'DE'),
(1126, 'q1063img3-pic', 'q1063img3-pic2x', 1063,now(),now(),'DE'),
(1127, 'q1063img4-pic', 'q1063img4-pic2x', 1063,now(),now(),'DE'),
(1128, 'q1064img5-pic', 'q1064img5-pic2x', 1064,now(),now(),'DE'),
(1129, 'q1064img6-pic', 'q1064img6-pic2x', 1064,now(),now(),'DE'),
(1130, 'q1065img1-pic', 'q1065img1-pic2x', 1065,now(),now(),'DE'),
(1131, 'q1065img2-pic', 'q1065img2-pic2x', 1065,now(),now(),'DE'),
(1132, 'q1066img3-pic', 'q1066img3-pic2x', 1066,now(),now(),'DE'),
(1133, 'q1066img4-pic', 'q1066img4-pic2x', 1066,now(),now(),'DE'),
(1134, 'q1067img5-pic', 'q1067img5-pic2x', 1067,now(),now(),'DE'),
(1135, 'q1067img6-pic', 'q1067img6-pic2x', 1067,now(),now(),'DE'),
(1136, 'q1068img1-pic', 'q1068img1-pic2x', 1068,now(),now(),'DE'),
(1137, 'q1068img2-pic', 'q1068img2-pic2x', 1068,now(),now(),'DE'),
(1138, 'q1069img3-pic', 'q1069img3-pic2x', 1069,now(),now(),'DE'),
(1139, 'q1069img4-pic', 'q1069img4-pic2x', 1069,now(),now(),'DE'),
(1140, 'q1070img5-pic', 'q1070img5-pic2x', 1070,now(),now(),'DE'),
(1141, 'q1070img6-pic', 'q1070img6-pic2x', 1070,now(),now(),'DE'),
(1142, 'q1071img1-pic', 'q1071img1-pic2x', 1071,now(),now(),'DE'),
(1143, 'q1071img2-pic', 'q1071img2-pic2x', 1071,now(),now(),'DE'),
(1144, 'q1072img3-pic', 'q1072img3-pic2x', 1072,now(),now(),'DE'),
(1145, 'q1072img4-pic', 'q1072img4-pic2x', 1072,now(),now(),'DE'),
(1146, 'q1073img5-pic', 'q1073img5-pic2x', 1073,now(),now(),'DE'),
(1147, 'q1073img6-pic', 'q1073img6-pic2x', 1073,now(),now(),'DE'),
(1148, 'q1074img1-pic', 'q1074img1-pic2x', 1074,now(),now(),'DE'),
(1149, 'q1074img2-pic', 'q1074img2-pic2x', 1074,now(),now(),'DE'),
(1150, 'q1075img3-pic', 'q1075img3-pic2x', 1075,now(),now(),'DE'),
(1151, 'q1075img4-pic', 'q1075img4-pic2x', 1075,now(),now(),'DE'),
(1152, 'q1076img5-pic', 'q1076img5-pic2x', 1076,now(),now(),'DE'),
(1153, 'q1076img6-pic', 'q1076img6-pic2x', 1076,now(),now(),'DE'),
(1154, 'q1077img1-pic', 'q1077img1-pic2x', 1077,now(),now(),'DE'),
(1155, 'q1077img2-pic', 'q1077img2-pic2x', 1077,now(),now(),'DE'),
(1156, 'q1078img3-pic', 'q1078img3-pic2x', 1078,now(),now(),'DE'),
(1157, 'q1078img4-pic', 'q1078img4-pic2x', 1078,now(),now(),'DE'),
(1158, 'q1079img5-pic', 'q1079img5-pic2x', 1079,now(),now(),'DE'),
(1159, 'q1079img6-pic', 'q1079img6-pic2x', 1079,now(),now(),'DE'),
(1160, 'q1080img1-pic', 'q1080img1-pic2x', 1080,now(),now(),'DE'),
(1161, 'q1080img2-pic', 'q1080img2-pic2x', 1080,now(),now(),'DE'),
(1162, 'q1081img3-pic', 'q1081img3-pic2x', 1081,now(),now(),'DE'),
(1163, 'q1081img4-pic', 'q1081img4-pic2x', 1081,now(),now(),'DE'),
(1164, 'q1082img5-pic', 'q1082img5-pic2x', 1082,now(),now(),'DE'),
(1165, 'q1082img6-pic', 'q1082img6-pic2x', 1082,now(),now(),'DE'),
(1166, 'q1083img1-pic', 'q1083img1-pic2x', 1083,now(),now(),'DE'),
(1167, 'q1083img2-pic', 'q1083img2-pic2x', 1083,now(),now(),'DE'),
(1168, 'q1084img3-pic', 'q1084img3-pic2x', 1084,now(),now(),'DE'),
(1169, 'q1084img4-pic', 'q1084img4-pic2x', 1084,now(),now(),'DE'),
(1170, 'q1085img5-pic', 'q1085img5-pic2x', 1085,now(),now(),'DE'),
(1171, 'q1085img6-pic', 'q1085img6-pic2x', 1085,now(),now(),'DE'),
(1172, 'q1086img1-pic', 'q1086img1-pic2x', 1086,now(),now(),'DE'),
(1173, 'q1086img2-pic', 'q1086img2-pic2x', 1086,now(),now(),'DE'),
(1174, 'q1087img3-pic', 'q1087img3-pic2x', 1087,now(),now(),'DE'),
(1175, 'q1087img4-pic', 'q1087img4-pic2x', 1087,now(),now(),'DE'),
(1176, 'q1088img5-pic', 'q1088img5-pic2x', 1088,now(),now(),'DE'),
(1177, 'q1088img6-pic', 'q1088img6-pic2x', 1088,now(),now(),'DE'),
(1178, 'q1089img1-pic', 'q1089img1-pic2x', 1089,now(),now(),'DE'),
(1179, 'q1089img2-pic', 'q1089img2-pic2x', 1089,now(),now(),'DE'),
(1180, 'q1090img3-pic', 'q1090img3-pic2x', 1090,now(),now(),'DE'),
(1181, 'q1090img4-pic', 'q1090img4-pic2x', 1090,now(),now(),'DE'),
(1182, 'q1091img5-pic', 'q1091img5-pic2x', 1091,now(),now(),'DE'),
(1183, 'q1091img6-pic', 'q1091img6-pic2x', 1091,now(),now(),'DE'),
(1184, 'q1092img1-pic', 'q1092img1-pic2x', 1092,now(),now(),'DE'),
(1185, 'q1092img2-pic', 'q1092img2-pic2x', 1092,now(),now(),'DE'),
(1186, 'q1093img3-pic', 'q1093img3-pic2x', 1093,now(),now(),'DE'),
(1187, 'q1093img4-pic', 'q1093img4-pic2x', 1093,now(),now(),'DE'),
(1188, 'q1094img5-pic', 'q1094img5-pic2x', 1094,now(),now(),'DE'),
(1189, 'q1094img6-pic', 'q1094img6-pic2x', 1094,now(),now(),'DE'),
(1190, 'q1095img1-pic', 'q1095img1-pic2x', 1095,now(),now(),'DE'),
(1191, 'q1095img2-pic', 'q1095img2-pic2x', 1095,now(),now(),'DE'),
(1192, 'q1096img3-pic', 'q1096img3-pic2x', 1096,now(),now(),'DE'),
(1193, 'q1096img4-pic', 'q1096img4-pic2x', 1096,now(),now(),'DE'),
(1194, 'q1097img5-pic', 'q1097img5-pic2x', 1097,now(),now(),'DE'),
(1195, 'q1097img6-pic', 'q1097img6-pic2x', 1097,now(),now(),'DE'),
(1196, 'q1098img1-pic', 'q1098img1-pic2x', 1098,now(),now(),'DE'),
(1197, 'q1098img2-pic', 'q1098img2-pic2x', 1098,now(),now(),'DE'),
(1198, 'q1099img3-pic', 'q1099img3-pic2x', 1099,now(),now(),'DE'),
(1199, 'q1099img4-pic', 'q1099img4-pic2x', 1099,now(),now(),'DE'),
(2000, 'q2000img5-pic', 'q2000img5-pic2x', 2000,now(),now(),'RU'),
(2001, 'q2000img6-pic', 'q2000img6-pic2x', 2000,now(),now(),'RU'),
(2002, 'q2001img1-pic', 'q2001img1-pic2x', 2001,now(),now(),'RU'),
(2003, 'q2001img2-pic', 'q2001img2-pic2x', 2001,now(),now(),'RU'),
(2004, 'q2002img3-pic', 'q2002img3-pic2x', 2002,now(),now(),'RU'),
(2005, 'q2002img4-pic', 'q2002img4-pic2x', 2002,now(),now(),'RU'),
(2006, 'q2003img5-pic', 'q2003img5-pic2x', 2003,now(),now(),'RU'),
(2007, 'q2003img6-pic', 'q2003img6-pic2x', 2003,now(),now(),'RU'),
(2008, 'q2004img1-pic', 'q2004img1-pic2x', 2004,now(),now(),'RU'),
(2009, 'q2004img2-pic', 'q2004img2-pic2x', 2004,now(),now(),'RU'),
(2010, 'q2005img3-pic', 'q2005img3-pic2x', 2005,now(),now(),'RU'),
(2011, 'q2005img4-pic', 'q2005img4-pic2x', 2005,now(),now(),'RU'),
(2012, 'q2006img5-pic', 'q2006img5-pic2x', 2006,now(),now(),'RU'),
(2013, 'q2006img6-pic', 'q2006img6-pic2x', 2006,now(),now(),'RU'),
(2014, 'q2007img1-pic', 'q2007img1-pic2x', 2007,now(),now(),'RU'),
(2015, 'q2007img2-pic', 'q2007img2-pic2x', 2007,now(),now(),'RU'),
(2016, 'q2008img3-pic', 'q2008img3-pic2x', 2008,now(),now(),'RU'),
(2017, 'q2008img4-pic', 'q2008img4-pic2x', 2008,now(),now(),'RU'),
(2018, 'q2009img5-pic', 'q2009img5-pic2x', 2009,now(),now(),'RU'),
(2019, 'q2009img6-pic', 'q2009img6-pic2x', 2009,now(),now(),'RU'),
(2020, 'q2010img1-pic', 'q2010img1-pic2x', 2010,now(),now(),'RU'),
(2021, 'q2010img2-pic', 'q2010img2-pic2x', 2010,now(),now(),'RU'),
(2022, 'q2011img3-pic', 'q2011img3-pic2x', 2011,now(),now(),'RU'),
(2023, 'q2011img4-pic', 'q2011img4-pic2x', 2011,now(),now(),'RU'),
(2024, 'q2012img5-pic', 'q2012img5-pic2x', 2012,now(),now(),'RU'),
(2025, 'q2012img6-pic', 'q2012img6-pic2x', 2012,now(),now(),'RU'),
(2026, 'q2013img1-pic', 'q2013img1-pic2x', 2013,now(),now(),'RU'),
(2027, 'q2013img2-pic', 'q2013img2-pic2x', 2013,now(),now(),'RU'),
(2028, 'q2014img3-pic', 'q2014img3-pic2x', 2014,now(),now(),'RU'),
(2029, 'q2014img4-pic', 'q2014img4-pic2x', 2014,now(),now(),'RU'),
(2030, 'q2015img5-pic', 'q2015img5-pic2x', 2015,now(),now(),'RU'),
(2031, 'q2015img6-pic', 'q2015img6-pic2x', 2015,now(),now(),'RU'),
(2032, 'q2016img1-pic', 'q2016img1-pic2x', 2016,now(),now(),'RU'),
(2033, 'q2016img2-pic', 'q2016img2-pic2x', 2016,now(),now(),'RU'),
(2034, 'q2017img3-pic', 'q2017img3-pic2x', 2017,now(),now(),'RU'),
(2035, 'q2017img4-pic', 'q2017img4-pic2x', 2017,now(),now(),'RU'),
(2036, 'q2018img5-pic', 'q2018img5-pic2x', 2018,now(),now(),'RU'),
(2037, 'q2018img6-pic', 'q2018img6-pic2x', 2018,now(),now(),'RU'),
(2038, 'q2019img1-pic', 'q2019img1-pic2x', 2019,now(),now(),'RU'),
(2039, 'q2019img2-pic', 'q2019img2-pic2x', 2019,now(),now(),'RU'),
(2040, 'q2020img3-pic', 'q2020img3-pic2x', 2020,now(),now(),'RU'),
(2041, 'q2020img4-pic', 'q2020img4-pic2x', 2020,now(),now(),'RU'),
(2042, 'q2021img5-pic', 'q2021img5-pic2x', 2021,now(),now(),'RU'),
(2043, 'q2021img6-pic', 'q2021img6-pic2x', 2021,now(),now(),'RU'),
(2044, 'q2022img1-pic', 'q2022img1-pic2x', 2022,now(),now(),'RU'),
(2045, 'q2022img2-pic', 'q2022img2-pic2x', 2022,now(),now(),'RU'),
(2046, 'q2023img3-pic', 'q2023img3-pic2x', 2023,now(),now(),'RU'),
(2047, 'q2023img4-pic', 'q2023img4-pic2x', 2023,now(),now(),'RU'),
(2048, 'q2024img5-pic', 'q2024img5-pic2x', 2024,now(),now(),'RU'),
(2049, 'q2024img6-pic', 'q2024img6-pic2x', 2024,now(),now(),'RU'),
(2050, 'q2025img1-pic', 'q2025img1-pic2x', 2025,now(),now(),'RU'),
(2051, 'q2025img2-pic', 'q2025img2-pic2x', 2025,now(),now(),'RU'),
(2052, 'q2026img3-pic', 'q2026img3-pic2x', 2026,now(),now(),'RU'),
(2053, 'q2026img4-pic', 'q2026img4-pic2x', 2026,now(),now(),'RU'),
(2054, 'q2027img5-pic', 'q2027img5-pic2x', 2027,now(),now(),'RU'),
(2055, 'q2027img6-pic', 'q2027img6-pic2x', 2027,now(),now(),'RU'),
(2056, 'q2028img1-pic', 'q2028img1-pic2x', 2028,now(),now(),'RU'),
(2057, 'q2028img2-pic', 'q2028img2-pic2x', 2028,now(),now(),'RU'),
(2058, 'q2029img3-pic', 'q2029img3-pic2x', 2029,now(),now(),'RU'),
(2059, 'q2029img4-pic', 'q2029img4-pic2x', 2029,now(),now(),'RU'),
(2060, 'q2030img5-pic', 'q2030img5-pic2x', 2030,now(),now(),'RU'),
(2061, 'q2030img6-pic', 'q2030img6-pic2x', 2030,now(),now(),'RU'),
(2062, 'q2031img1-pic', 'q2031img1-pic2x', 2031,now(),now(),'RU'),
(2063, 'q2031img2-pic', 'q2031img2-pic2x', 2031,now(),now(),'RU'),
(2064, 'q2032img3-pic', 'q2032img3-pic2x', 2032,now(),now(),'RU'),
(2065, 'q2032img4-pic', 'q2032img4-pic2x', 2032,now(),now(),'RU'),
(2066, 'q2033img5-pic', 'q2033img5-pic2x', 2033,now(),now(),'RU'),
(2067, 'q2033img6-pic', 'q2033img6-pic2x', 2033,now(),now(),'RU'),
(2068, 'q2034img1-pic', 'q2034img1-pic2x', 2034,now(),now(),'RU'),
(2069, 'q2034img2-pic', 'q2034img2-pic2x', 2034,now(),now(),'RU'),
(2070, 'q2035img3-pic', 'q2035img3-pic2x', 2035,now(),now(),'RU'),
(2071, 'q2035img4-pic', 'q2035img4-pic2x', 2035,now(),now(),'RU'),
(2072, 'q2036img5-pic', 'q2036img5-pic2x', 2036,now(),now(),'RU'),
(2073, 'q2036img6-pic', 'q2036img6-pic2x', 2036,now(),now(),'RU'),
(2074, 'q2037img1-pic', 'q2037img1-pic2x', 2037,now(),now(),'RU'),
(2075, 'q2037img2-pic', 'q2037img2-pic2x', 2037,now(),now(),'RU'),
(2076, 'q2038img3-pic', 'q2038img3-pic2x', 2038,now(),now(),'RU'),
(2077, 'q2038img4-pic', 'q2038img4-pic2x', 2038,now(),now(),'RU'),
(2078, 'q2039img5-pic', 'q2039img5-pic2x', 2039,now(),now(),'RU'),
(2079, 'q2039img6-pic', 'q2039img6-pic2x', 2039,now(),now(),'RU'),
(2080, 'q2040img1-pic', 'q2040img1-pic2x', 2040,now(),now(),'RU'),
(2081, 'q2040img2-pic', 'q2040img2-pic2x', 2040,now(),now(),'RU'),
(2082, 'q2041img3-pic', 'q2041img3-pic2x', 2041,now(),now(),'RU'),
(2083, 'q2041img4-pic', 'q2041img4-pic2x', 2041,now(),now(),'RU'),
(2084, 'q2042img5-pic', 'q2042img5-pic2x', 2042,now(),now(),'RU'),
(2085, 'q2042img6-pic', 'q2042img6-pic2x', 2042,now(),now(),'RU'),
(2086, 'q2043img1-pic', 'q2043img1-pic2x', 2043,now(),now(),'RU'),
(2087, 'q2043img2-pic', 'q2043img2-pic2x', 2043,now(),now(),'RU'),
(2088, 'q2044img3-pic', 'q2044img3-pic2x', 2044,now(),now(),'RU'),
(2089, 'q2044img4-pic', 'q2044img4-pic2x', 2044,now(),now(),'RU'),
(2090, 'q2045img5-pic', 'q2045img5-pic2x', 2045,now(),now(),'RU'),
(2091, 'q2045img6-pic', 'q2045img6-pic2x', 2045,now(),now(),'RU'),
(2092, 'q2046img1-pic', 'q2046img1-pic2x', 2046,now(),now(),'RU'),
(2093, 'q2046img2-pic', 'q2046img2-pic2x', 2046,now(),now(),'RU'),
(2094, 'q2047img3-pic', 'q2047img3-pic2x', 2047,now(),now(),'RU'),
(2095, 'q2047img4-pic', 'q2047img4-pic2x', 2047,now(),now(),'RU'),
(2096, 'q2048img5-pic', 'q2048img5-pic2x', 2048,now(),now(),'RU'),
(2097, 'q2048img6-pic', 'q2048img6-pic2x', 2048,now(),now(),'RU'),
(2098, 'q2049img1-pic', 'q2049img1-pic2x', 2049,now(),now(),'RU'),
(2099, 'q2049img2-pic', 'q2049img2-pic2x', 2049,now(),now(),'RU'),
(2100, 'q2050img3-pic', 'q2050img3-pic2x', 2050,now(),now(),'RU'),
(2101, 'q2050img4-pic', 'q2050img4-pic2x', 2050,now(),now(),'RU'),
(2102, 'q2051img5-pic', 'q2051img5-pic2x', 2051,now(),now(),'RU'),
(2103, 'q2051img6-pic', 'q2051img6-pic2x', 2051,now(),now(),'RU'),
(2104, 'q2052img1-pic', 'q2052img1-pic2x', 2052,now(),now(),'RU'),
(2105, 'q2052img2-pic', 'q2052img2-pic2x', 2052,now(),now(),'RU'),
(2106, 'q2053img3-pic', 'q2053img3-pic2x', 2053,now(),now(),'RU'),
(2107, 'q2053img4-pic', 'q2053img4-pic2x', 2053,now(),now(),'RU'),
(2108, 'q2054img5-pic', 'q2054img5-pic2x', 2054,now(),now(),'RU'),
(2109, 'q2054img6-pic', 'q2054img6-pic2x', 2054,now(),now(),'RU'),
(2110, 'q2055img1-pic', 'q2055img1-pic2x', 2055,now(),now(),'RU'),
(2111, 'q2055img2-pic', 'q2055img2-pic2x', 2055,now(),now(),'RU'),
(2112, 'q2056img3-pic', 'q2056img3-pic2x', 2056,now(),now(),'RU'),
(2113, 'q2056img4-pic', 'q2056img4-pic2x', 2056,now(),now(),'RU'),
(2114, 'q2057img5-pic', 'q2057img5-pic2x', 2057,now(),now(),'RU'),
(2115, 'q2057img6-pic', 'q2057img6-pic2x', 2057,now(),now(),'RU'),
(2116, 'q2058img1-pic', 'q2058img1-pic2x', 2058,now(),now(),'RU'),
(2117, 'q2058img2-pic', 'q2058img2-pic2x', 2058,now(),now(),'RU'),
(2118, 'q2059img3-pic', 'q2059img3-pic2x', 2059,now(),now(),'RU'),
(2119, 'q2059img4-pic', 'q2059img4-pic2x', 2059,now(),now(),'RU'),
(2120, 'q2060img5-pic', 'q2060img5-pic2x', 2060,now(),now(),'RU'),
(2121, 'q2060img6-pic', 'q2060img6-pic2x', 2060,now(),now(),'RU'),
(2122, 'q2061img1-pic', 'q2061img1-pic2x', 2061,now(),now(),'RU'),
(2123, 'q2061img2-pic', 'q2061img2-pic2x', 2061,now(),now(),'RU'),
(2124, 'q2062img3-pic', 'q2062img3-pic2x', 2062,now(),now(),'RU'),
(2125, 'q2062img4-pic', 'q2062img4-pic2x', 2062,now(),now(),'RU'),
(2126, 'q2063img5-pic', 'q2063img5-pic2x', 2063,now(),now(),'RU'),
(2127, 'q2063img6-pic', 'q2063img6-pic2x', 2063,now(),now(),'RU'),
(2128, 'q2064img1-pic', 'q2064img1-pic2x', 2064,now(),now(),'RU'),
(2129, 'q2064img2-pic', 'q2064img2-pic2x', 2064,now(),now(),'RU'),
(2130, 'q2065img3-pic', 'q2065img3-pic2x', 2065,now(),now(),'RU'),
(2131, 'q2065img4-pic', 'q2065img4-pic2x', 2065,now(),now(),'RU'),
(2132, 'q2066img5-pic', 'q2066img5-pic2x', 2066,now(),now(),'RU'),
(2133, 'q2066img6-pic', 'q2066img6-pic2x', 2066,now(),now(),'RU'),
(2134, 'q2067img1-pic', 'q2067img1-pic2x', 2067,now(),now(),'RU'),
(2135, 'q2067img2-pic', 'q2067img2-pic2x', 2067,now(),now(),'RU'),
(2136, 'q2068img3-pic', 'q2068img3-pic2x', 2068,now(),now(),'RU'),
(2137, 'q2068img4-pic', 'q2068img4-pic2x', 2068,now(),now(),'RU'),
(2138, 'q2069img5-pic', 'q2069img5-pic2x', 2069,now(),now(),'RU'),
(2139, 'q2069img6-pic', 'q2069img6-pic2x', 2069,now(),now(),'RU'),
(2140, 'q2070img1-pic', 'q2070img1-pic2x', 2070,now(),now(),'RU'),
(2141, 'q2070img2-pic', 'q2070img2-pic2x', 2070,now(),now(),'RU'),
(2142, 'q2071img3-pic', 'q2071img3-pic2x', 2071,now(),now(),'RU'),
(2143, 'q2071img4-pic', 'q2071img4-pic2x', 2071,now(),now(),'RU'),
(2144, 'q2072img5-pic', 'q2072img5-pic2x', 2072,now(),now(),'RU'),
(2145, 'q2072img6-pic', 'q2072img6-pic2x', 2072,now(),now(),'RU'),
(2146, 'q2073img1-pic', 'q2073img1-pic2x', 2073,now(),now(),'RU'),
(2147, 'q2073img2-pic', 'q2073img2-pic2x', 2073,now(),now(),'RU'),
(2148, 'q2074img3-pic', 'q2074img3-pic2x', 2074,now(),now(),'RU'),
(2149, 'q2074img4-pic', 'q2074img4-pic2x', 2074,now(),now(),'RU'),
(2150, 'q2075img5-pic', 'q2075img5-pic2x', 2075,now(),now(),'RU'),
(2151, 'q2075img6-pic', 'q2075img6-pic2x', 2075,now(),now(),'RU'),
(2152, 'q2076img1-pic', 'q2076img1-pic2x', 2076,now(),now(),'RU'),
(2153, 'q2076img2-pic', 'q2076img2-pic2x', 2076,now(),now(),'RU'),
(2154, 'q2077img3-pic', 'q2077img3-pic2x', 2077,now(),now(),'RU'),
(2155, 'q2077img4-pic', 'q2077img4-pic2x', 2077,now(),now(),'RU'),
(2156, 'q2078img5-pic', 'q2078img5-pic2x', 2078,now(),now(),'RU'),
(2157, 'q2078img6-pic', 'q2078img6-pic2x', 2078,now(),now(),'RU'),
(2158, 'q2079img1-pic', 'q2079img1-pic2x', 2079,now(),now(),'RU'),
(2159, 'q2079img2-pic', 'q2079img2-pic2x', 2079,now(),now(),'RU'),
(2160, 'q2080img3-pic', 'q2080img3-pic2x', 2080,now(),now(),'RU'),
(2161, 'q2080img4-pic', 'q2080img4-pic2x', 2080,now(),now(),'RU'),
(2162, 'q2081img5-pic', 'q2081img5-pic2x', 2081,now(),now(),'RU'),
(2163, 'q2081img6-pic', 'q2081img6-pic2x', 2081,now(),now(),'RU'),
(2164, 'q2082img1-pic', 'q2082img1-pic2x', 2082,now(),now(),'RU'),
(2165, 'q2082img2-pic', 'q2082img2-pic2x', 2082,now(),now(),'RU'),
(2166, 'q2083img3-pic', 'q2083img3-pic2x', 2083,now(),now(),'RU'),
(2167, 'q2083img4-pic', 'q2083img4-pic2x', 2083,now(),now(),'RU'),
(2168, 'q2084img5-pic', 'q2084img5-pic2x', 2084,now(),now(),'RU'),
(2169, 'q2084img6-pic', 'q2084img6-pic2x', 2084,now(),now(),'RU'),
(2170, 'q2085img1-pic', 'q2085img1-pic2x', 2085,now(),now(),'RU'),
(2171, 'q2085img2-pic', 'q2085img2-pic2x', 2085,now(),now(),'RU'),
(2172, 'q2086img3-pic', 'q2086img3-pic2x', 2086,now(),now(),'RU'),
(2173, 'q2086img4-pic', 'q2086img4-pic2x', 2086,now(),now(),'RU'),
(2174, 'q2087img5-pic', 'q2087img5-pic2x', 2087,now(),now(),'RU'),
(2175, 'q2087img6-pic', 'q2087img6-pic2x', 2087,now(),now(),'RU'),
(2176, 'q2088img1-pic', 'q2088img1-pic2x', 2088,now(),now(),'RU'),
(2177, 'q2088img2-pic', 'q2088img2-pic2x', 2088,now(),now(),'RU'),
(2178, 'q2089img3-pic', 'q2089img3-pic2x', 2089,now(),now(),'RU'),
(2179, 'q2089img4-pic', 'q2089img4-pic2x', 2089,now(),now(),'RU'),
(2180, 'q2090img5-pic', 'q2090img5-pic2x', 2090,now(),now(),'RU'),
(2181, 'q2090img6-pic', 'q2090img6-pic2x', 2090,now(),now(),'RU'),
(2182, 'q2091img1-pic', 'q2091img1-pic2x', 2091,now(),now(),'RU'),
(2183, 'q2091img2-pic', 'q2091img2-pic2x', 2091,now(),now(),'RU'),
(2184, 'q2092img3-pic', 'q2092img3-pic2x', 2092,now(),now(),'RU'),
(2185, 'q2092img4-pic', 'q2092img4-pic2x', 2092,now(),now(),'RU'),
(2186, 'q2093img5-pic', 'q2093img5-pic2x', 2093,now(),now(),'RU'),
(2187, 'q2093img6-pic', 'q2093img6-pic2x', 2093,now(),now(),'RU'),
(2188, 'q2094img1-pic', 'q2094img1-pic2x', 2094,now(),now(),'RU'),
(2189, 'q2094img2-pic', 'q2094img2-pic2x', 2094,now(),now(),'RU'),
(2190, 'q2095img3-pic', 'q2095img3-pic2x', 2095,now(),now(),'RU'),
(2191, 'q2095img4-pic', 'q2095img4-pic2x', 2095,now(),now(),'RU'),
(2192, 'q2096img5-pic', 'q2096img5-pic2x', 2096,now(),now(),'RU'),
(2193, 'q2096img6-pic', 'q2096img6-pic2x', 2096,now(),now(),'RU'),
(2194, 'q2097img1-pic', 'q2097img1-pic2x', 2097,now(),now(),'RU'),
(2195, 'q2097img2-pic', 'q2097img2-pic2x', 2097,now(),now(),'RU'),
(2196, 'q2098img3-pic', 'q2098img3-pic2x', 2098,now(),now(),'RU'),
(2197, 'q2098img4-pic', 'q2098img4-pic2x', 2098,now(),now(),'RU'),
(2198, 'q2099img5-pic', 'q2099img5-pic2x', 2099,now(),now(),'RU'),
(2199, 'q2099img6-pic', 'q2099img6-pic2x', 2099,now(),now(),'RU'),
(3000, 'q3000img5-pic', 'q3000img5-pic2x', 3000,now(),now(),'ES'),
(3001, 'q3000img6-pic', 'q3000img6-pic2x', 3000,now(),now(),'ES'),
(3002, 'q3001img1-pic', 'q3001img1-pic2x', 3001,now(),now(),'ES'),
(3003, 'q3001img2-pic', 'q3001img2-pic2x', 3001,now(),now(),'ES'),
(3004, 'q3002img3-pic', 'q3002img3-pic2x', 3002,now(),now(),'ES'),
(3005, 'q3002img4-pic', 'q3002img4-pic2x', 3002,now(),now(),'ES'),
(3006, 'q3003img5-pic', 'q3003img5-pic2x', 3003,now(),now(),'ES'),
(3007, 'q3003img6-pic', 'q3003img6-pic2x', 3003,now(),now(),'ES'),
(3008, 'q3004img1-pic', 'q3004img1-pic2x', 3004,now(),now(),'ES'),
(3009, 'q3004img2-pic', 'q3004img2-pic2x', 3004,now(),now(),'ES'),
(3010, 'q3005img3-pic', 'q3005img3-pic2x', 3005,now(),now(),'ES'),
(3011, 'q3005img4-pic', 'q3005img4-pic2x', 3005,now(),now(),'ES'),
(3012, 'q3006img5-pic', 'q3006img5-pic2x', 3006,now(),now(),'ES'),
(3013, 'q3006img6-pic', 'q3006img6-pic2x', 3006,now(),now(),'ES'),
(3014, 'q3007img1-pic', 'q3007img1-pic2x', 3007,now(),now(),'ES'),
(3015, 'q3007img2-pic', 'q3007img2-pic2x', 3007,now(),now(),'ES'),
(3016, 'q3008img3-pic', 'q3008img3-pic2x', 3008,now(),now(),'ES'),
(3017, 'q3008img4-pic', 'q3008img4-pic2x', 3008,now(),now(),'ES'),
(3018, 'q3009img5-pic', 'q3009img5-pic2x', 3009,now(),now(),'ES'),
(3019, 'q3009img6-pic', 'q3009img6-pic2x', 3009,now(),now(),'ES'),
(3020, 'q3010img1-pic', 'q3010img1-pic2x', 3010,now(),now(),'ES'),
(3021, 'q3010img2-pic', 'q3010img2-pic2x', 3010,now(),now(),'ES'),
(3022, 'q3011img3-pic', 'q3011img3-pic2x', 3011,now(),now(),'ES'),
(3023, 'q3011img4-pic', 'q3011img4-pic2x', 3011,now(),now(),'ES'),
(3024, 'q3012img5-pic', 'q3012img5-pic2x', 3012,now(),now(),'ES'),
(3025, 'q3012img6-pic', 'q3012img6-pic2x', 3012,now(),now(),'ES'),
(3026, 'q3013img1-pic', 'q3013img1-pic2x', 3013,now(),now(),'ES'),
(3027, 'q3013img2-pic', 'q3013img2-pic2x', 3013,now(),now(),'ES'),
(3028, 'q3014img3-pic', 'q3014img3-pic2x', 3014,now(),now(),'ES'),
(3029, 'q3014img4-pic', 'q3014img4-pic2x', 3014,now(),now(),'ES'),
(3030, 'q3015img5-pic', 'q3015img5-pic2x', 3015,now(),now(),'ES'),
(3031, 'q3015img6-pic', 'q3015img6-pic2x', 3015,now(),now(),'ES'),
(3032, 'q3016img1-pic', 'q3016img1-pic2x', 3016,now(),now(),'ES'),
(3033, 'q3016img2-pic', 'q3016img2-pic2x', 3016,now(),now(),'ES'),
(3034, 'q3017img3-pic', 'q3017img3-pic2x', 3017,now(),now(),'ES'),
(3035, 'q3017img4-pic', 'q3017img4-pic2x', 3017,now(),now(),'ES'),
(3036, 'q3018img5-pic', 'q3018img5-pic2x', 3018,now(),now(),'ES'),
(3037, 'q3018img6-pic', 'q3018img6-pic2x', 3018,now(),now(),'ES'),
(3038, 'q3019img1-pic', 'q3019img1-pic2x', 3019,now(),now(),'ES'),
(3039, 'q3019img2-pic', 'q3019img2-pic2x', 3019,now(),now(),'ES'),
(3040, 'q3020img3-pic', 'q3020img3-pic2x', 3020,now(),now(),'ES'),
(3041, 'q3020img4-pic', 'q3020img4-pic2x', 3020,now(),now(),'ES'),
(3042, 'q3021img5-pic', 'q3021img5-pic2x', 3021,now(),now(),'ES'),
(3043, 'q3021img6-pic', 'q3021img6-pic2x', 3021,now(),now(),'ES'),
(3044, 'q3022img1-pic', 'q3022img1-pic2x', 3022,now(),now(),'ES'),
(3045, 'q3022img2-pic', 'q3022img2-pic2x', 3022,now(),now(),'ES'),
(3046, 'q3023img3-pic', 'q3023img3-pic2x', 3023,now(),now(),'ES'),
(3047, 'q3023img4-pic', 'q3023img4-pic2x', 3023,now(),now(),'ES'),
(3048, 'q3024img5-pic', 'q3024img5-pic2x', 3024,now(),now(),'ES'),
(3049, 'q3024img6-pic', 'q3024img6-pic2x', 3024,now(),now(),'ES'),
(3050, 'q3025img1-pic', 'q3025img1-pic2x', 3025,now(),now(),'ES'),
(3051, 'q3025img2-pic', 'q3025img2-pic2x', 3025,now(),now(),'ES'),
(3052, 'q3026img3-pic', 'q3026img3-pic2x', 3026,now(),now(),'ES'),
(3053, 'q3026img4-pic', 'q3026img4-pic2x', 3026,now(),now(),'ES'),
(3054, 'q3027img5-pic', 'q3027img5-pic2x', 3027,now(),now(),'ES'),
(3055, 'q3027img6-pic', 'q3027img6-pic2x', 3027,now(),now(),'ES'),
(3056, 'q3028img1-pic', 'q3028img1-pic2x', 3028,now(),now(),'ES'),
(3057, 'q3028img2-pic', 'q3028img2-pic2x', 3028,now(),now(),'ES'),
(3058, 'q3029img3-pic', 'q3029img3-pic2x', 3029,now(),now(),'ES'),
(3059, 'q3029img4-pic', 'q3029img4-pic2x', 3029,now(),now(),'ES'),
(3060, 'q3030img5-pic', 'q3030img5-pic2x', 3030,now(),now(),'ES'),
(3061, 'q3030img6-pic', 'q3030img6-pic2x', 3030,now(),now(),'ES'),
(3062, 'q3031img1-pic', 'q3031img1-pic2x', 3031,now(),now(),'ES'),
(3063, 'q3031img2-pic', 'q3031img2-pic2x', 3031,now(),now(),'ES'),
(3064, 'q3032img3-pic', 'q3032img3-pic2x', 3032,now(),now(),'ES'),
(3065, 'q3032img4-pic', 'q3032img4-pic2x', 3032,now(),now(),'ES'),
(3066, 'q3033img5-pic', 'q3033img5-pic2x', 3033,now(),now(),'ES'),
(3067, 'q3033img6-pic', 'q3033img6-pic2x', 3033,now(),now(),'ES'),
(3068, 'q3034img1-pic', 'q3034img1-pic2x', 3034,now(),now(),'ES'),
(3069, 'q3034img2-pic', 'q3034img2-pic2x', 3034,now(),now(),'ES'),
(3070, 'q3035img3-pic', 'q3035img3-pic2x', 3035,now(),now(),'ES'),
(3071, 'q3035img4-pic', 'q3035img4-pic2x', 3035,now(),now(),'ES'),
(3072, 'q3036img5-pic', 'q3036img5-pic2x', 3036,now(),now(),'ES'),
(3073, 'q3036img6-pic', 'q3036img6-pic2x', 3036,now(),now(),'ES'),
(3074, 'q3037img1-pic', 'q3037img1-pic2x', 3037,now(),now(),'ES'),
(3075, 'q3037img2-pic', 'q3037img2-pic2x', 3037,now(),now(),'ES'),
(3076, 'q3038img3-pic', 'q3038img3-pic2x', 3038,now(),now(),'ES'),
(3077, 'q3038img4-pic', 'q3038img4-pic2x', 3038,now(),now(),'ES'),
(3078, 'q3039img5-pic', 'q3039img5-pic2x', 3039,now(),now(),'ES'),
(3079, 'q3039img6-pic', 'q3039img6-pic2x', 3039,now(),now(),'ES'),
(3080, 'q3040img1-pic', 'q3040img1-pic2x', 3040,now(),now(),'ES'),
(3081, 'q3040img2-pic', 'q3040img2-pic2x', 3040,now(),now(),'ES'),
(3082, 'q3041img3-pic', 'q3041img3-pic2x', 3041,now(),now(),'ES'),
(3083, 'q3041img4-pic', 'q3041img4-pic2x', 3041,now(),now(),'ES'),
(3084, 'q3042img5-pic', 'q3042img5-pic2x', 3042,now(),now(),'ES'),
(3085, 'q3042img6-pic', 'q3042img6-pic2x', 3042,now(),now(),'ES'),
(3086, 'q3043img1-pic', 'q3043img1-pic2x', 3043,now(),now(),'ES'),
(3087, 'q3043img2-pic', 'q3043img2-pic2x', 3043,now(),now(),'ES'),
(3088, 'q3044img3-pic', 'q3044img3-pic2x', 3044,now(),now(),'ES'),
(3089, 'q3044img4-pic', 'q3044img4-pic2x', 3044,now(),now(),'ES'),
(3090, 'q3045img5-pic', 'q3045img5-pic2x', 3045,now(),now(),'ES'),
(3091, 'q3045img6-pic', 'q3045img6-pic2x', 3045,now(),now(),'ES'),
(3092, 'q3046img1-pic', 'q3046img1-pic2x', 3046,now(),now(),'ES'),
(3093, 'q3046img2-pic', 'q3046img2-pic2x', 3046,now(),now(),'ES'),
(3094, 'q3047img3-pic', 'q3047img3-pic2x', 3047,now(),now(),'ES'),
(3095, 'q3047img4-pic', 'q3047img4-pic2x', 3047,now(),now(),'ES'),
(3096, 'q3048img5-pic', 'q3048img5-pic2x', 3048,now(),now(),'ES'),
(3097, 'q3048img6-pic', 'q3048img6-pic2x', 3048,now(),now(),'ES'),
(3098, 'q3049img1-pic', 'q3049img1-pic2x', 3049,now(),now(),'ES'),
(3099, 'q3049img2-pic', 'q3049img2-pic2x', 3049,now(),now(),'ES'),
(3100, 'q3050img3-pic', 'q3050img3-pic2x', 3050,now(),now(),'ES'),
(3101, 'q3050img4-pic', 'q3050img4-pic2x', 3050,now(),now(),'ES'),
(3102, 'q3051img5-pic', 'q3051img5-pic2x', 3051,now(),now(),'ES'),
(3103, 'q3051img6-pic', 'q3051img6-pic2x', 3051,now(),now(),'ES'),
(3104, 'q3052img1-pic', 'q3052img1-pic2x', 3052,now(),now(),'ES'),
(3105, 'q3052img2-pic', 'q3052img2-pic2x', 3052,now(),now(),'ES'),
(3106, 'q3053img3-pic', 'q3053img3-pic2x', 3053,now(),now(),'ES'),
(3107, 'q3053img4-pic', 'q3053img4-pic2x', 3053,now(),now(),'ES'),
(3108, 'q3054img5-pic', 'q3054img5-pic2x', 3054,now(),now(),'ES'),
(3109, 'q3054img6-pic', 'q3054img6-pic2x', 3054,now(),now(),'ES'),
(3110, 'q3055img1-pic', 'q3055img1-pic2x', 3055,now(),now(),'ES'),
(3111, 'q3055img2-pic', 'q3055img2-pic2x', 3055,now(),now(),'ES'),
(3112, 'q3056img3-pic', 'q3056img3-pic2x', 3056,now(),now(),'ES'),
(3113, 'q3056img4-pic', 'q3056img4-pic2x', 3056,now(),now(),'ES'),
(3114, 'q3057img5-pic', 'q3057img5-pic2x', 3057,now(),now(),'ES'),
(3115, 'q3057img6-pic', 'q3057img6-pic2x', 3057,now(),now(),'ES'),
(3116, 'q3058img1-pic', 'q3058img1-pic2x', 3058,now(),now(),'ES'),
(3117, 'q3058img2-pic', 'q3058img2-pic2x', 3058,now(),now(),'ES'),
(3118, 'q3059img3-pic', 'q3059img3-pic2x', 3059,now(),now(),'ES'),
(3119, 'q3059img4-pic', 'q3059img4-pic2x', 3059,now(),now(),'ES'),
(3120, 'q3060img5-pic', 'q3060img5-pic2x', 3060,now(),now(),'ES'),
(3121, 'q3060img6-pic', 'q3060img6-pic2x', 3060,now(),now(),'ES'),
(3122, 'q3061img1-pic', 'q3061img1-pic2x', 3061,now(),now(),'ES'),
(3123, 'q3061img2-pic', 'q3061img2-pic2x', 3061,now(),now(),'ES'),
(3124, 'q3062img3-pic', 'q3062img3-pic2x', 3062,now(),now(),'ES'),
(3125, 'q3062img4-pic', 'q3062img4-pic2x', 3062,now(),now(),'ES'),
(3126, 'q3063img5-pic', 'q3063img5-pic2x', 3063,now(),now(),'ES'),
(3127, 'q3063img6-pic', 'q3063img6-pic2x', 3063,now(),now(),'ES'),
(3128, 'q3064img1-pic', 'q3064img1-pic2x', 3064,now(),now(),'ES'),
(3129, 'q3064img2-pic', 'q3064img2-pic2x', 3064,now(),now(),'ES'),
(3130, 'q3065img3-pic', 'q3065img3-pic2x', 3065,now(),now(),'ES'),
(3131, 'q3065img4-pic', 'q3065img4-pic2x', 3065,now(),now(),'ES'),
(3132, 'q3066img5-pic', 'q3066img5-pic2x', 3066,now(),now(),'ES'),
(3133, 'q3066img6-pic', 'q3066img6-pic2x', 3066,now(),now(),'ES'),
(3134, 'q3067img1-pic', 'q3067img1-pic2x', 3067,now(),now(),'ES'),
(3135, 'q3067img2-pic', 'q3067img2-pic2x', 3067,now(),now(),'ES'),
(3136, 'q3068img3-pic', 'q3068img3-pic2x', 3068,now(),now(),'ES'),
(3137, 'q3068img4-pic', 'q3068img4-pic2x', 3068,now(),now(),'ES'),
(3138, 'q3069img5-pic', 'q3069img5-pic2x', 3069,now(),now(),'ES'),
(3139, 'q3069img6-pic', 'q3069img6-pic2x', 3069,now(),now(),'ES'),
(3140, 'q3070img1-pic', 'q3070img1-pic2x', 3070,now(),now(),'ES'),
(3141, 'q3070img2-pic', 'q3070img2-pic2x', 3070,now(),now(),'ES'),
(3142, 'q3071img3-pic', 'q3071img3-pic2x', 3071,now(),now(),'ES'),
(3143, 'q3071img4-pic', 'q3071img4-pic2x', 3071,now(),now(),'ES'),
(3144, 'q3072img5-pic', 'q3072img5-pic2x', 3072,now(),now(),'ES'),
(3145, 'q3072img6-pic', 'q3072img6-pic2x', 3072,now(),now(),'ES'),
(3146, 'q3073img1-pic', 'q3073img1-pic2x', 3073,now(),now(),'ES'),
(3147, 'q3073img2-pic', 'q3073img2-pic2x', 3073,now(),now(),'ES'),
(3148, 'q3074img3-pic', 'q3074img3-pic2x', 3074,now(),now(),'ES'),
(3149, 'q3074img4-pic', 'q3074img4-pic2x', 3074,now(),now(),'ES'),
(3150, 'q3075img5-pic', 'q3075img5-pic2x', 3075,now(),now(),'ES'),
(3151, 'q3075img6-pic', 'q3075img6-pic2x', 3075,now(),now(),'ES'),
(3152, 'q3076img1-pic', 'q3076img1-pic2x', 3076,now(),now(),'ES'),
(3153, 'q3076img2-pic', 'q3076img2-pic2x', 3076,now(),now(),'ES'),
(3154, 'q3077img3-pic', 'q3077img3-pic2x', 3077,now(),now(),'ES'),
(3155, 'q3077img4-pic', 'q3077img4-pic2x', 3077,now(),now(),'ES'),
(3156, 'q3078img5-pic', 'q3078img5-pic2x', 3078,now(),now(),'ES'),
(3157, 'q3078img6-pic', 'q3078img6-pic2x', 3078,now(),now(),'ES'),
(3158, 'q3079img1-pic', 'q3079img1-pic2x', 3079,now(),now(),'ES'),
(3159, 'q3079img2-pic', 'q3079img2-pic2x', 3079,now(),now(),'ES'),
(3160, 'q3080img3-pic', 'q3080img3-pic2x', 3080,now(),now(),'ES'),
(3161, 'q3080img4-pic', 'q3080img4-pic2x', 3080,now(),now(),'ES'),
(3162, 'q3081img5-pic', 'q3081img5-pic2x', 3081,now(),now(),'ES'),
(3163, 'q3081img6-pic', 'q3081img6-pic2x', 3081,now(),now(),'ES'),
(3164, 'q3082img1-pic', 'q3082img1-pic2x', 3082,now(),now(),'ES'),
(3165, 'q3082img2-pic', 'q3082img2-pic2x', 3082,now(),now(),'ES'),
(3166, 'q3083img3-pic', 'q3083img3-pic2x', 3083,now(),now(),'ES'),
(3167, 'q3083img4-pic', 'q3083img4-pic2x', 3083,now(),now(),'ES'),
(3168, 'q3084img5-pic', 'q3084img5-pic2x', 3084,now(),now(),'ES'),
(3169, 'q3084img6-pic', 'q3084img6-pic2x', 3084,now(),now(),'ES'),
(3170, 'q3085img1-pic', 'q3085img1-pic2x', 3085,now(),now(),'ES'),
(3171, 'q3085img2-pic', 'q3085img2-pic2x', 3085,now(),now(),'ES'),
(3172, 'q3086img3-pic', 'q3086img3-pic2x', 3086,now(),now(),'ES'),
(3173, 'q3086img4-pic', 'q3086img4-pic2x', 3086,now(),now(),'ES'),
(3174, 'q3087img5-pic', 'q3087img5-pic2x', 3087,now(),now(),'ES'),
(3175, 'q3087img6-pic', 'q3087img6-pic2x', 3087,now(),now(),'ES'),
(3176, 'q3088img1-pic', 'q3088img1-pic2x', 3088,now(),now(),'ES'),
(3177, 'q3088img2-pic', 'q3088img2-pic2x', 3088,now(),now(),'ES'),
(3178, 'q3089img3-pic', 'q3089img3-pic2x', 3089,now(),now(),'ES'),
(3179, 'q3089img4-pic', 'q3089img4-pic2x', 3089,now(),now(),'ES'),
(3180, 'q3090img5-pic', 'q3090img5-pic2x', 3090,now(),now(),'ES'),
(3181, 'q3090img6-pic', 'q3090img6-pic2x', 3090,now(),now(),'ES'),
(3182, 'q3091img1-pic', 'q3091img1-pic2x', 3091,now(),now(),'ES'),
(3183, 'q3091img2-pic', 'q3091img2-pic2x', 3091,now(),now(),'ES'),
(3184, 'q3092img3-pic', 'q3092img3-pic2x', 3092,now(),now(),'ES'),
(3185, 'q3092img4-pic', 'q3092img4-pic2x', 3092,now(),now(),'ES'),
(3186, 'q3093img5-pic', 'q3093img5-pic2x', 3093,now(),now(),'ES'),
(3187, 'q3093img6-pic', 'q3093img6-pic2x', 3093,now(),now(),'ES'),
(3188, 'q3094img1-pic', 'q3094img1-pic2x', 3094,now(),now(),'ES'),
(3189, 'q3094img2-pic', 'q3094img2-pic2x', 3094,now(),now(),'ES'),
(3190, 'q3095img3-pic', 'q3095img3-pic2x', 3095,now(),now(),'ES'),
(3191, 'q3095img4-pic', 'q3095img4-pic2x', 3095,now(),now(),'ES'),
(3192, 'q3096img5-pic', 'q3096img5-pic2x', 3096,now(),now(),'ES'),
(3193, 'q3096img6-pic', 'q3096img6-pic2x', 3096,now(),now(),'ES'),
(3194, 'q3097img1-pic', 'q3097img1-pic2x', 3097,now(),now(),'ES'),
(3195, 'q3097img2-pic', 'q3097img2-pic2x', 3097,now(),now(),'ES'),
(3196, 'q3098img3-pic', 'q3098img3-pic2x', 3098,now(),now(),'ES'),
(3197, 'q3098img4-pic', 'q3098img4-pic2x', 3098,now(),now(),'ES'),
(3198, 'q3099img5-pic', 'q3099img5-pic2x', 3099,now(),now(),'ES'),
(3199, 'q3099img6-pic', 'q3099img6-pic2x', 3099,now(),now(),'ES');

insert into question (id, answer_correct, points, pic, pic2x, title, description, create_date, update_date, locale) values 
(1, 1, 1, 'q067-pic', 'q067-pic2x', 'q067-title', 'q067-desc',now(),now(),'EN'),
(2, 2, 2, 'q066-pic', 'q066-pic2x', 'q066-title', 'q066-desc',now(),now(),'EN'),
(3, 3, 3, 'q065-pic', 'q065-pic2x', 'q065-title', 'q065-desc',now(),now(),'EN'),
(4, 4, 4, 'q064-pic', 'q064-pic2x', 'q064-title', 'q064-desc',now(),now(),'EN'),
(5, 1, 1, 'q063-pic', 'q063-pic2x', 'q063-title', 'q063-desc',now(),now(),'EN'),
(6, 2, 2, 'q062-pic', 'q062-pic2x', 'q062-title', 'q062-desc',now(),now(),'EN'),
(7, 3, 3, 'q061-pic', 'q061-pic2x', 'q061-title', 'q061-desc',now(),now(),'EN'),
(8, 4, 4, 'q060-pic', 'q060-pic2x', 'q060-title', 'q060-desc',now(),now(),'EN'),
(9, 1, 1, 'q059-pic', 'q059-pic2x', 'q059-title', 'q059-desc',now(),now(),'EN'),
(10, 2, 2, 'q058-pic', 'q058-pic2x', 'q058-title', 'q058-desc',now(),now(),'EN'),
(11, 3, 3, 'q057en-pic', 'q057en-pic2x', 'q057en-title', 'q057en-desc',now(),now(),'EN'),
(12, 4, 4, 'q056en-pic', 'q056en-pic2x', 'q056en-title', 'q056en-desc',now(),now(),'EN'),
(13, 1, 1, 'q055en-pic', 'q055en-pic2x', 'q055en-title', 'q055en-desc',now(),now(),'EN'),
(14, 2, 2, 'q054en-pic', 'q054en-pic2x', 'q054en-title', 'q054en-desc',now(),now(),'EN'),
(15, 3, 3, 'q053en-pic', 'q053en-pic2x', 'q053en-title', 'q053en-desc',now(),now(),'EN'),
(16, 4, 4, 'q052en-pic', 'q052en-pic2x', 'q052en-title', 'q052en-desc',now(),now(),'EN'),
(17, 1, 1, 'q051-pic', 'q051-pic2x', 'q051-title', 'q051-desc',now(),now(),'EN'),
(18, 2, 2, 'q050-pic', 'q050-pic2x', 'q050-title', 'q050-desc',now(),now(),'EN'),
(19, 3, 3, 'q049en-pic', 'q049en-pic2x', 'q049en-title', 'q049en-desc',now(),now(),'EN'),
(20, 4, 4, 'q048-pic', 'q048-pic2x', 'q048-title', 'q048-desc',now(),now(),'EN'),
(21, 1, 1, 'q047-pic', 'q047-pic2x', 'q047-title', 'q047-desc',now(),now(),'EN'),
(22, 2, 2, 'q046en-pic', 'q046en-pic2x', 'q046en-title', 'q046en-desc',now(),now(),'EN'),
(23, 3, 3, 'q045en-pic', 'q045en-pic2x', 'q045en-title', 'q045en-desc',now(),now(),'EN'),
(24, 4, 4, 'q044-pic', 'q044-pic2x', 'q044-title', 'q044-desc',now(),now(),'EN'),
(25, 1, 1, 'q043-pic', 'q043-pic2x', 'q043-title', 'q043-desc',now(),now(),'EN'),
(26, 2, 2, 'q042-pic', 'q042-pic2x', 'q042-title', 'q042-desc',now(),now(),'EN'),
(27, 3, 3, 'q041-pic', 'q041-pic2x', 'q041-title', 'q041-desc',now(),now(),'EN'),
(28, 4, 4, 'q040-pic', 'q040-pic2x', 'q040-title', 'q040-desc',now(),now(),'EN'),
(29, 1, 1, 'q039-pic', 'q039-pic2x', 'q039-title', 'q039-desc',now(),now(),'EN'),
(30, 2, 2, 'q038-pic', 'q038-pic2x', 'q038-title', 'q038-desc',now(),now(),'EN'),
(31, 3, 3, 'q037-pic', 'q037-pic2x', 'q037-title', 'q037-desc',now(),now(),'EN'),
(32, 4, 4, 'q036-pic', 'q036-pic2x', 'q036-title', 'q036-desc',now(),now(),'EN'),
(33, 1, 1, 'q035-pic', 'q035-pic2x', 'q035-title', 'q035-desc',now(),now(),'EN'),
(34, 2, 2, 'q034en-pic', 'q034en-pic2x', 'q034en-title', 'q034en-desc',now(),now(),'EN'),
(35, 3, 3, 'q033-pic', 'q033-pic2x', 'q033-title', 'q033-desc',now(),now(),'EN'),
(36, 4, 4, 'q032-pic', 'q032-pic2x', 'q032-title', 'q032-desc',now(),now(),'EN'),
(37, 1, 1, 'q031-pic', 'q031-pic2x', 'q031-title', 'q031-desc',now(),now(),'EN'),
(38, 2, 2, 'q030-pic', 'q030-pic2x', 'q030-title', 'q030-desc',now(),now(),'EN'),
(39, 3, 3, 'q029-pic', 'q029-pic2x', 'q029-title', 'q029-desc',now(),now(),'EN'),
(40, 4, 4, 'q028-pic', 'q028-pic2x', 'q028-title', 'q028-desc',now(),now(),'EN'),
(41, 1, 1, 'q027-pic', 'q027-pic2x', 'q027-title', 'q027-desc',now(),now(),'EN'),
(42, 2, 2, 'q026-pic', 'q026-pic2x', 'q026-title', 'q026-desc',now(),now(),'EN'),
(43, 3, 3, 'q025-pic', 'q025-pic2x', 'q025-title', 'q025-desc',now(),now(),'EN'),
(44, 4, 4, 'q024-pic', 'q024-pic2x', 'q024-title', 'q024-desc',now(),now(),'EN'),
(45, 1, 1, 'q023-pic', 'q023-pic2x', 'q023-title', 'q023-desc',now(),now(),'EN'),
(46, 2, 2, 'q022en-pic', 'q022en-pic2x', 'q022en-title', 'q022en-desc',now(),now(),'EN'),
(47, 3, 3, 'q021-pic', 'q021-pic2x', 'q021-title', 'q021-desc',now(),now(),'EN'),
(48, 4, 4, 'q020-pic', 'q020-pic2x', 'q020-title', 'q020-desc',now(),now(),'EN'),
(49, 1, 1, 'q019-pic', 'q019-pic2x', 'q019-title', 'q019-desc',now(),now(),'EN'),
(50, 2, 2, 'q018-pic', 'q018-pic2x', 'q018-title', 'q018-desc',now(),now(),'EN'),
(51, 3, 3, 'q017-pic', 'q017-pic2x', 'q017-title', 'q017-desc',now(),now(),'EN'),
(52, 4, 4, 'q016-pic', 'q016-pic2x', 'q016-title', 'q016-desc',now(),now(),'EN'),
(53, 1, 1, 'q015en-pic', 'q015en-pic2x', 'q015en-title', 'q015en-desc',now(),now(),'EN'),
(54, 2, 2, 'q014-pic', 'q014-pic2x', 'q014-title', 'q014-desc',now(),now(),'EN'),
(55, 3, 3, 'q013-pic', 'q013-pic2x', 'q013-title', 'q013-desc',now(),now(),'EN'),
(56, 4, 4, 'q012-pic', 'q012-pic2x', 'q012-title', 'q012-desc',now(),now(),'EN'),
(57, 1, 1, 'q011-pic', 'q011-pic2x', 'q011-title', 'q011-desc',now(),now(),'EN'),
(58, 2, 2, 'q010-pic', 'q010-pic2x', 'q010-title', 'q010-desc',now(),now(),'EN'),
(59, 3, 3, 'q009-pic', 'q009-pic2x', 'q009-title', 'q009-desc',now(),now(),'EN'),
(60, 4, 4, 'q008-pic', 'q008-pic2x', 'q008-title', 'q008-desc',now(),now(),'EN'),
(61, 1, 1, 'q007-pic', 'q007-pic2x', 'q007-title', 'q007-desc',now(),now(),'EN'),
(62, 2, 2, 'q006-pic', 'q006-pic2x', 'q006-title', 'q006-desc',now(),now(),'EN'),
(63, 3, 3, 'q005-pic', 'q005-pic2x', 'q005-title', 'q005-desc',now(),now(),'EN'),
(64, 4, 4, 'q004-pic', 'q004-pic2x', 'q004-title', 'q004-desc',now(),now(),'EN'),
(65, 1, 1, 'q003-pic', 'q003-pic2x', 'q003-title', 'q003-desc',now(),now(),'EN'),
(66, 2, 2, 'q002-pic', 'q002-pic2x', 'q002-title', 'q002-desc',now(),now(),'EN'),
(67, 3, 3, 'q001-pic', 'q001-pic2x', 'q001-title', 'q001-desc',now(),now(),'EN'),
(68, 4, 4, 'q067-pic', 'q067-pic2x', 'q067-title', 'q067-desc',now(),now(),'EN'),
(69, 1, 1, 'q066-pic', 'q066-pic2x', 'q066-title', 'q066-desc',now(),now(),'EN'),
(70, 2, 2, 'q065-pic', 'q065-pic2x', 'q065-title', 'q065-desc',now(),now(),'EN'),
(71, 3, 3, 'q064-pic', 'q064-pic2x', 'q064-title', 'q064-desc',now(),now(),'EN'),
(72, 4, 4, 'q063-pic', 'q063-pic2x', 'q063-title', 'q063-desc',now(),now(),'EN'),
(73, 1, 1, 'q062-pic', 'q062-pic2x', 'q062-title', 'q062-desc',now(),now(),'EN'),
(74, 2, 2, 'q061-pic', 'q061-pic2x', 'q061-title', 'q061-desc',now(),now(),'EN'),
(75, 3, 3, 'q060-pic', 'q060-pic2x', 'q060-title', 'q060-desc',now(),now(),'EN'),
(76, 4, 4, 'q059-pic', 'q059-pic2x', 'q059-title', 'q059-desc',now(),now(),'EN'),
(77, 1, 1, 'q058-pic', 'q058-pic2x', 'q058-title', 'q058-desc',now(),now(),'EN'),
(78, 2, 2, 'q057ru-pic', 'q057ru-pic2x', 'q057ru-title', 'q057ru-desc',now(),now(),'EN'),
(79, 3, 3, 'q056ru-pic', 'q056ru-pic2x', 'q056ru-title', 'q056ru-desc',now(),now(),'EN'),
(80, 4, 4, 'q055ru-pic', 'q055ru-pic2x', 'q055ru-title', 'q055ru-desc',now(),now(),'EN'),
(81, 1, 1, 'q054ru-pic', 'q054ru-pic2x', 'q054ru-title', 'q054ru-desc',now(),now(),'EN'),
(82, 2, 2, 'q053ru-pic', 'q053ru-pic2x', 'q053ru-title', 'q053ru-desc',now(),now(),'EN'),
(83, 3, 3, 'q052ru-pic', 'q052ru-pic2x', 'q052ru-title', 'q052ru-desc',now(),now(),'EN'),
(84, 4, 4, 'q051-pic', 'q051-pic2x', 'q051-title', 'q051-desc',now(),now(),'EN'),
(85, 1, 1, 'q050-pic', 'q050-pic2x', 'q050-title', 'q050-desc',now(),now(),'EN'),
(86, 2, 2, 'q049ru-pic', 'q049ru-pic2x', 'q049ru-title', 'q049ru-desc',now(),now(),'EN'),
(87, 3, 3, 'q048-pic', 'q048-pic2x', 'q048-title', 'q048-desc',now(),now(),'EN'),
(88, 4, 4, 'q047-pic', 'q047-pic2x', 'q047-title', 'q047-desc',now(),now(),'EN'),
(89, 1, 1, 'q046ru-pic', 'q046ru-pic2x', 'q046ru-title', 'q046ru-desc',now(),now(),'EN'),
(90, 2, 2, 'q045ru-pic', 'q045ru-pic2x', 'q045ru-title', 'q045ru-desc',now(),now(),'EN'),
(91, 3, 3, 'q044-pic', 'q044-pic2x', 'q044-title', 'q044-desc',now(),now(),'EN'),
(92, 4, 4, 'q043-pic', 'q043-pic2x', 'q043-title', 'q043-desc',now(),now(),'EN'),
(93, 1, 1, 'q042-pic', 'q042-pic2x', 'q042-title', 'q042-desc',now(),now(),'EN'),
(94, 2, 2, 'q041-pic', 'q041-pic2x', 'q041-title', 'q041-desc',now(),now(),'EN'),
(95, 3, 3, 'q040-pic', 'q040-pic2x', 'q040-title', 'q040-desc',now(),now(),'EN'),
(96, 4, 4, 'q039-pic', 'q039-pic2x', 'q039-title', 'q039-desc',now(),now(),'EN'),
(97, 1, 1, 'q038-pic', 'q038-pic2x', 'q038-title', 'q038-desc',now(),now(),'EN'),
(98, 2, 2, 'q037-pic', 'q037-pic2x', 'q037-title', 'q037-desc',now(),now(),'EN'),
(99, 3, 3, 'q036-pic', 'q036-pic2x', 'q036-title', 'q036-desc',now(),now(),'EN'),
(100, 4, 4, 'q035-pic', 'q035-pic2x', 'q035-title', 'q035-desc',now(),now(),'EN'),
(1000, 1, 1, 'q034ru-pic', 'q034ru-pic2x', 'q034ru-title', 'q034ru-desc',now(),now(),'DE'),
(1001, 2, 2, 'q033-pic', 'q033-pic2x', 'q033-title', 'q033-desc',now(),now(),'DE'),
(1002, 3, 3, 'q032-pic', 'q032-pic2x', 'q032-title', 'q032-desc',now(),now(),'DE'),
(1003, 4, 4, 'q031-pic', 'q031-pic2x', 'q031-title', 'q031-desc',now(),now(),'DE'),
(1004, 1, 1, 'q030-pic', 'q030-pic2x', 'q030-title', 'q030-desc',now(),now(),'DE'),
(1005, 2, 2, 'q029-pic', 'q029-pic2x', 'q029-title', 'q029-desc',now(),now(),'DE'),
(1006, 3, 3, 'q028-pic', 'q028-pic2x', 'q028-title', 'q028-desc',now(),now(),'DE'),
(1007, 4, 4, 'q027-pic', 'q027-pic2x', 'q027-title', 'q027-desc',now(),now(),'DE'),
(1008, 1, 1, 'q026-pic', 'q026-pic2x', 'q026-title', 'q026-desc',now(),now(),'DE'),
(1009, 2, 2, 'q025-pic', 'q025-pic2x', 'q025-title', 'q025-desc',now(),now(),'DE'),
(1010, 3, 3, 'q024-pic', 'q024-pic2x', 'q024-title', 'q024-desc',now(),now(),'DE'),
(1011, 4, 4, 'q023-pic', 'q023-pic2x', 'q023-title', 'q023-desc',now(),now(),'DE'),
(1012, 1, 1, 'q022ru-pic', 'q022ru-pic2x', 'q022ru-title', 'q022ru-desc',now(),now(),'DE'),
(1013, 2, 2, 'q021-pic', 'q021-pic2x', 'q021-title', 'q021-desc',now(),now(),'DE'),
(1014, 3, 3, 'q020-pic', 'q020-pic2x', 'q020-title', 'q020-desc',now(),now(),'DE'),
(1015, 4, 4, 'q019-pic', 'q019-pic2x', 'q019-title', 'q019-desc',now(),now(),'DE'),
(1016, 1, 1, 'q018-pic', 'q018-pic2x', 'q018-title', 'q018-desc',now(),now(),'DE'),
(1017, 2, 2, 'q017-pic', 'q017-pic2x', 'q017-title', 'q017-desc',now(),now(),'DE'),
(1018, 3, 3, 'q016-pic', 'q016-pic2x', 'q016-title', 'q016-desc',now(),now(),'DE'),
(1019, 4, 4, 'q015ru-pic', 'q015ru-pic2x', 'q015ru-title', 'q015ru-desc',now(),now(),'DE'),
(1020, 1, 1, 'q014-pic', 'q014-pic2x', 'q014-title', 'q014-desc',now(),now(),'DE'),
(1021, 2, 2, 'q013-pic', 'q013-pic2x', 'q013-title', 'q013-desc',now(),now(),'DE'),
(1022, 3, 3, 'q012-pic', 'q012-pic2x', 'q012-title', 'q012-desc',now(),now(),'DE'),
(1023, 4, 4, 'q011-pic', 'q011-pic2x', 'q011-title', 'q011-desc',now(),now(),'DE'),
(1024, 1, 1, 'q010-pic', 'q010-pic2x', 'q010-title', 'q010-desc',now(),now(),'DE'),
(1025, 2, 2, 'q009-pic', 'q009-pic2x', 'q009-title', 'q009-desc',now(),now(),'DE'),
(1026, 3, 3, 'q008-pic', 'q008-pic2x', 'q008-title', 'q008-desc',now(),now(),'DE'),
(1027, 4, 4, 'q007-pic', 'q007-pic2x', 'q007-title', 'q007-desc',now(),now(),'DE'),
(1028, 1, 1, 'q006-pic', 'q006-pic2x', 'q006-title', 'q006-desc',now(),now(),'DE'),
(1029, 2, 2, 'q005-pic', 'q005-pic2x', 'q005-title', 'q005-desc',now(),now(),'DE'),
(1030, 3, 3, 'q004-pic', 'q004-pic2x', 'q004-title', 'q004-desc',now(),now(),'DE'),
(1031, 4, 4, 'q003-pic', 'q003-pic2x', 'q003-title', 'q003-desc',now(),now(),'DE'),
(1032, 1, 1, 'q002-pic', 'q002-pic2x', 'q002-title', 'q002-desc',now(),now(),'DE'),
(1033, 2, 2, 'q001-pic', 'q001-pic2x', 'q001-title', 'q001-desc',now(),now(),'DE'),
(1034, 3, 3, 'q067-pic', 'q067-pic2x', 'q067-title', 'q067-desc',now(),now(),'DE'),
(1035, 4, 4, 'q066-pic', 'q066-pic2x', 'q066-title', 'q066-desc',now(),now(),'DE'),
(1036, 1, 1, 'q065-pic', 'q065-pic2x', 'q065-title', 'q065-desc',now(),now(),'DE'),
(1037, 2, 2, 'q064-pic', 'q064-pic2x', 'q064-title', 'q064-desc',now(),now(),'DE'),
(1038, 3, 3, 'q063-pic', 'q063-pic2x', 'q063-title', 'q063-desc',now(),now(),'DE'),
(1039, 4, 4, 'q062-pic', 'q062-pic2x', 'q062-title', 'q062-desc',now(),now(),'DE'),
(1040, 1, 1, 'q061-pic', 'q061-pic2x', 'q061-title', 'q061-desc',now(),now(),'DE'),
(1041, 2, 2, 'q060-pic', 'q060-pic2x', 'q060-title', 'q060-desc',now(),now(),'DE'),
(1042, 3, 3, 'q059-pic', 'q059-pic2x', 'q059-title', 'q059-desc',now(),now(),'DE'),
(1043, 4, 4, 'q058-pic', 'q058-pic2x', 'q058-title', 'q058-desc',now(),now(),'DE'),
(1044, 1, 1, 'q057de-pic', 'q057de-pic2x', 'q057de-title', 'q057de-desc',now(),now(),'DE'),
(1045, 2, 2, 'q056de-pic', 'q056de-pic2x', 'q056de-title', 'q056de-desc',now(),now(),'DE'),
(1046, 3, 3, 'q055de-pic', 'q055de-pic2x', 'q055de-title', 'q055de-desc',now(),now(),'DE'),
(1047, 4, 4, 'q054de-pic', 'q054de-pic2x', 'q054de-title', 'q054de-desc',now(),now(),'DE'),
(1048, 1, 1, 'q053en-pic', 'q053en-pic2x', 'q053en-title', 'q053en-desc',now(),now(),'DE'),
(1049, 2, 2, 'q052en-pic', 'q052en-pic2x', 'q052en-title', 'q052en-desc',now(),now(),'DE'),
(1050, 3, 3, 'q051-pic', 'q051-pic2x', 'q051-title', 'q051-desc',now(),now(),'DE'),
(1051, 4, 4, 'q050-pic', 'q050-pic2x', 'q050-title', 'q050-desc',now(),now(),'DE'),
(1052, 1, 1, 'q049en-pic', 'q049en-pic2x', 'q049en-title', 'q049en-desc',now(),now(),'DE'),
(1053, 2, 2, 'q048-pic', 'q048-pic2x', 'q048-title', 'q048-desc',now(),now(),'DE'),
(1054, 3, 3, 'q047-pic', 'q047-pic2x', 'q047-title', 'q047-desc',now(),now(),'DE'),
(1055, 4, 4, 'q046en-pic', 'q046en-pic2x', 'q046en-title', 'q046en-desc',now(),now(),'DE'),
(1056, 1, 1, 'q045en-pic', 'q045en-pic2x', 'q045en-title', 'q045en-desc',now(),now(),'DE'),
(1057, 2, 2, 'q044-pic', 'q044-pic2x', 'q044-title', 'q044-desc',now(),now(),'DE'),
(1058, 3, 3, 'q043-pic', 'q043-pic2x', 'q043-title', 'q043-desc',now(),now(),'DE'),
(1059, 4, 4, 'q042-pic', 'q042-pic2x', 'q042-title', 'q042-desc',now(),now(),'DE'),
(1060, 1, 1, 'q041-pic', 'q041-pic2x', 'q041-title', 'q041-desc',now(),now(),'DE'),
(1061, 2, 2, 'q040-pic', 'q040-pic2x', 'q040-title', 'q040-desc',now(),now(),'DE'),
(1062, 3, 3, 'q039-pic', 'q039-pic2x', 'q039-title', 'q039-desc',now(),now(),'DE'),
(1063, 4, 4, 'q038-pic', 'q038-pic2x', 'q038-title', 'q038-desc',now(),now(),'DE'),
(1064, 1, 1, 'q037-pic', 'q037-pic2x', 'q037-title', 'q037-desc',now(),now(),'DE'),
(1065, 2, 2, 'q036-pic', 'q036-pic2x', 'q036-title', 'q036-desc',now(),now(),'DE'),
(1066, 3, 3, 'q035-pic', 'q035-pic2x', 'q035-title', 'q035-desc',now(),now(),'DE'),
(1067, 4, 4, 'q034de-pic', 'q034de-pic2x', 'q034de-title', 'q034de-desc',now(),now(),'DE'),
(1068, 1, 1, 'q033-pic', 'q033-pic2x', 'q033-title', 'q033-desc',now(),now(),'DE'),
(1069, 2, 2, 'q032-pic', 'q032-pic2x', 'q032-title', 'q032-desc',now(),now(),'DE'),
(1070, 3, 3, 'q031-pic', 'q031-pic2x', 'q031-title', 'q031-desc',now(),now(),'DE'),
(1071, 4, 4, 'q030-pic', 'q030-pic2x', 'q030-title', 'q030-desc',now(),now(),'DE'),
(1072, 1, 1, 'q029-pic', 'q029-pic2x', 'q029-title', 'q029-desc',now(),now(),'DE'),
(1073, 2, 2, 'q028-pic', 'q028-pic2x', 'q028-title', 'q028-desc',now(),now(),'DE'),
(1074, 3, 3, 'q027-pic', 'q027-pic2x', 'q027-title', 'q027-desc',now(),now(),'DE'),
(1075, 4, 4, 'q026-pic', 'q026-pic2x', 'q026-title', 'q026-desc',now(),now(),'DE'),
(1076, 1, 1, 'q025-pic', 'q025-pic2x', 'q025-title', 'q025-desc',now(),now(),'DE'),
(1077, 2, 2, 'q024-pic', 'q024-pic2x', 'q024-title', 'q024-desc',now(),now(),'DE'),
(1078, 3, 3, 'q023-pic', 'q023-pic2x', 'q023-title', 'q023-desc',now(),now(),'DE'),
(1079, 4, 4, 'q022de-pic', 'q022de-pic2x', 'q022de-title', 'q022de-desc',now(),now(),'DE'),
(1080, 1, 1, 'q021-pic', 'q021-pic2x', 'q021-title', 'q021-desc',now(),now(),'DE'),
(1081, 2, 2, 'q020-pic', 'q020-pic2x', 'q020-title', 'q020-desc',now(),now(),'DE'),
(1082, 3, 3, 'q019-pic', 'q019-pic2x', 'q019-title', 'q019-desc',now(),now(),'DE'),
(1083, 4, 4, 'q018-pic', 'q018-pic2x', 'q018-title', 'q018-desc',now(),now(),'DE'),
(1084, 1, 1, 'q017-pic', 'q017-pic2x', 'q017-title', 'q017-desc',now(),now(),'DE'),
(1085, 2, 2, 'q016-pic', 'q016-pic2x', 'q016-title', 'q016-desc',now(),now(),'DE'),
(1086, 3, 3, 'q015de-pic', 'q015de-pic2x', 'q015de-title', 'q015de-desc',now(),now(),'DE'),
(1087, 4, 4, 'q014-pic', 'q014-pic2x', 'q014-title', 'q014-desc',now(),now(),'DE'),
(1088, 1, 1, 'q013-pic', 'q013-pic2x', 'q013-title', 'q013-desc',now(),now(),'DE'),
(1089, 2, 2, 'q012-pic', 'q012-pic2x', 'q012-title', 'q012-desc',now(),now(),'DE'),
(1090, 3, 3, 'q011-pic', 'q011-pic2x', 'q011-title', 'q011-desc',now(),now(),'DE'),
(1091, 4, 4, 'q010-pic', 'q010-pic2x', 'q010-title', 'q010-desc',now(),now(),'DE'),
(1092, 1, 1, 'q009-pic', 'q009-pic2x', 'q009-title', 'q009-desc',now(),now(),'DE'),
(1093, 2, 2, 'q008-pic', 'q008-pic2x', 'q008-title', 'q008-desc',now(),now(),'DE'),
(1094, 3, 3, 'q007-pic', 'q007-pic2x', 'q007-title', 'q007-desc',now(),now(),'DE'),
(1095, 4, 4, 'q006-pic', 'q006-pic2x', 'q006-title', 'q006-desc',now(),now(),'DE'),
(1096, 1, 1, 'q005-pic', 'q005-pic2x', 'q005-title', 'q005-desc',now(),now(),'DE'),
(1097, 2, 2, 'q004-pic', 'q004-pic2x', 'q004-title', 'q004-desc',now(),now(),'DE'),
(1098, 3, 3, 'q003-pic', 'q003-pic2x', 'q003-title', 'q003-desc',now(),now(),'DE'),
(1099, 4, 4, 'q002-pic', 'q002-pic2x', 'q002-title', 'q002-desc',now(),now(),'DE'),
(2000, 1, 1, 'q003-pic', 'q003-pic2x', 'q003-title', 'q003-desc',now(),now(),'RU'),
(2001, 2, 2, 'q004-pic', 'q004-pic2x', 'q004-title', 'q004-desc',now(),now(),'RU'),
(2002, 3, 3, 'q005-pic', 'q005-pic2x', 'q005-title', 'q005-desc',now(),now(),'RU'),
(2003, 4, 4, 'q006-pic', 'q006-pic2x', 'q006-title', 'q006-desc',now(),now(),'RU'),
(2004, 1, 1, 'q007-pic', 'q007-pic2x', 'q007-title', 'q007-desc',now(),now(),'RU'),
(2005, 2, 2, 'q008-pic', 'q008-pic2x', 'q008-title', 'q008-desc',now(),now(),'RU'),
(2006, 3, 3, 'q009-pic', 'q009-pic2x', 'q009-title', 'q009-desc',now(),now(),'RU'),
(2007, 4, 4, 'q010-pic', 'q010-pic2x', 'q010-title', 'q010-desc',now(),now(),'RU'),
(2008, 1, 1, 'q011-pic', 'q011-pic2x', 'q011-title', 'q011-desc',now(),now(),'RU'),
(2009, 2, 2, 'q012-pic', 'q012-pic2x', 'q012-title', 'q012-desc',now(),now(),'RU'),
(2010, 3, 3, 'q013-pic', 'q013-pic2x', 'q013-title', 'q013-desc',now(),now(),'RU'),
(2011, 4, 4, 'q014-pic', 'q014-pic2x', 'q014-title', 'q014-desc',now(),now(),'RU'),
(2012, 1, 1, 'q015-pic', 'q015-pic2x', 'q015-title', 'q015-desc',now(),now(),'RU'),
(2013, 2, 2, 'q016-pic', 'q016-pic2x', 'q016-title', 'q016-desc',now(),now(),'RU'),
(2014, 3, 3, 'q017-pic', 'q017-pic2x', 'q017-title', 'q017-desc',now(),now(),'RU'),
(2015, 4, 4, 'q018-pic', 'q018-pic2x', 'q018-title', 'q018-desc',now(),now(),'RU'),
(2016, 1, 1, 'q019-pic', 'q019-pic2x', 'q019-title', 'q019-desc',now(),now(),'RU'),
(2017, 2, 2, 'q020-pic', 'q020-pic2x', 'q020-title', 'q020-desc',now(),now(),'RU'),
(2018, 3, 3, 'q021-pic', 'q021-pic2x', 'q021-title', 'q021-desc',now(),now(),'RU'),
(2019, 4, 4, 'q022-pic', 'q022-pic2x', 'q022-title', 'q022-desc',now(),now(),'RU'),
(2020, 1, 1, 'q023-pic', 'q023-pic2x', 'q023-title', 'q023-desc',now(),now(),'RU'),
(2021, 2, 2, 'q024-pic', 'q024-pic2x', 'q024-title', 'q024-desc',now(),now(),'RU'),
(2022, 3, 3, 'q025-pic', 'q025-pic2x', 'q025-title', 'q025-desc',now(),now(),'RU'),
(2023, 4, 4, 'q026-pic', 'q026-pic2x', 'q026-title', 'q026-desc',now(),now(),'RU'),
(2024, 1, 1, 'q027-pic', 'q027-pic2x', 'q027-title', 'q027-desc',now(),now(),'RU'),
(2025, 2, 2, 'q028-pic', 'q028-pic2x', 'q028-title', 'q028-desc',now(),now(),'RU'),
(2026, 3, 3, 'q029-pic', 'q029-pic2x', 'q029-title', 'q029-desc',now(),now(),'RU'),
(2027, 4, 4, 'q030-pic', 'q030-pic2x', 'q030-title', 'q030-desc',now(),now(),'RU'),
(2028, 1, 1, 'q031-pic', 'q031-pic2x', 'q031-title', 'q031-desc',now(),now(),'RU'),
(2029, 2, 2, 'q032-pic', 'q032-pic2x', 'q032-title', 'q032-desc',now(),now(),'RU'),
(2030, 3, 3, 'q033-pic', 'q033-pic2x', 'q033-title', 'q033-desc',now(),now(),'RU'),
(2031, 4, 4, 'q034-pic', 'q034-pic2x', 'q034-title', 'q034-desc',now(),now(),'RU'),
(2032, 1, 1, 'q035-pic', 'q035-pic2x', 'q035-title', 'q035-desc',now(),now(),'RU'),
(2033, 2, 2, 'q036-pic', 'q036-pic2x', 'q036-title', 'q036-desc',now(),now(),'RU'),
(2034, 3, 3, 'q037-pic', 'q037-pic2x', 'q037-title', 'q037-desc',now(),now(),'RU'),
(2035, 4, 4, 'q038-pic', 'q038-pic2x', 'q038-title', 'q038-desc',now(),now(),'RU'),
(2036, 1, 1, 'q039-pic', 'q039-pic2x', 'q039-title', 'q039-desc',now(),now(),'RU'),
(2037, 2, 2, 'q040-pic', 'q040-pic2x', 'q040-title', 'q040-desc',now(),now(),'RU'),
(2038, 3, 3, 'q041-pic', 'q041-pic2x', 'q041-title', 'q041-desc',now(),now(),'RU'),
(2039, 4, 4, 'q042-pic', 'q042-pic2x', 'q042-title', 'q042-desc',now(),now(),'RU'),
(2040, 1, 1, 'q043-pic', 'q043-pic2x', 'q043-title', 'q043-desc',now(),now(),'RU'),
(2041, 2, 2, 'q044-pic', 'q044-pic2x', 'q044-title', 'q044-desc',now(),now(),'RU'),
(2042, 3, 3, 'q045-pic', 'q045-pic2x', 'q045-title', 'q045-desc',now(),now(),'RU'),
(2043, 4, 4, 'q046-pic', 'q046-pic2x', 'q046-title', 'q046-desc',now(),now(),'RU'),
(2044, 1, 1, 'q047-pic', 'q047-pic2x', 'q047-title', 'q047-desc',now(),now(),'RU'),
(2045, 2, 2, 'q048-pic', 'q048-pic2x', 'q048-title', 'q048-desc',now(),now(),'RU'),
(2046, 3, 3, 'q049-pic', 'q049-pic2x', 'q049-title', 'q049-desc',now(),now(),'RU'),
(2047, 4, 4, 'q050-pic', 'q050-pic2x', 'q050-title', 'q050-desc',now(),now(),'RU'),
(2048, 1, 1, 'q051-pic', 'q051-pic2x', 'q051-title', 'q051-desc',now(),now(),'RU'),
(2049, 2, 2, 'q052-pic', 'q052-pic2x', 'q052-title', 'q052-desc',now(),now(),'RU'),
(2050, 3, 3, 'q053-pic', 'q053-pic2x', 'q053-title', 'q053-desc',now(),now(),'RU'),
(2051, 4, 4, 'q054-pic', 'q054-pic2x', 'q054-title', 'q054-desc',now(),now(),'RU'),
(2052, 1, 1, 'q055-pic', 'q055-pic2x', 'q055-title', 'q055-desc',now(),now(),'RU'),
(2053, 2, 2, 'q056-pic', 'q056-pic2x', 'q056-title', 'q056-desc',now(),now(),'RU'),
(2054, 3, 3, 'q057-pic', 'q057-pic2x', 'q057-title', 'q057-desc',now(),now(),'RU'),
(2055, 4, 4, 'q058-pic', 'q058-pic2x', 'q058-title', 'q058-desc',now(),now(),'RU'),
(2056, 1, 1, 'q059-pic', 'q059-pic2x', 'q059-title', 'q059-desc',now(),now(),'RU'),
(2057, 2, 2, 'q060-pic', 'q060-pic2x', 'q060-title', 'q060-desc',now(),now(),'RU'),
(2058, 3, 3, 'q061-pic', 'q061-pic2x', 'q061-title', 'q061-desc',now(),now(),'RU'),
(2059, 4, 4, 'q062-pic', 'q062-pic2x', 'q062-title', 'q062-desc',now(),now(),'RU'),
(2060, 1, 1, 'q063-pic', 'q063-pic2x', 'q063-title', 'q063-desc',now(),now(),'RU'),
(2061, 2, 2, 'q064-pic', 'q064-pic2x', 'q064-title', 'q064-desc',now(),now(),'RU'),
(2062, 3, 3, 'q065-pic', 'q065-pic2x', 'q065-title', 'q065-desc',now(),now(),'RU'),
(2063, 4, 4, 'q066-pic', 'q066-pic2x', 'q066-title', 'q066-desc',now(),now(),'RU'),
(2064, 1, 1, 'q067-pic', 'q067-pic2x', 'q067-title', 'q067-desc',now(),now(),'RU'),
(2065, 2, 2, 'q068-pic', 'q068-pic2x', 'q068-title', 'q068-desc',now(),now(),'RU'),
(2066, 3, 3, 'q069-pic', 'q069-pic2x', 'q069-title', 'q069-desc',now(),now(),'RU'),
(2067, 4, 4, 'q070-pic', 'q070-pic2x', 'q070-title', 'q070-desc',now(),now(),'RU'),
(2068, 1, 1, 'q071-pic', 'q071-pic2x', 'q071-title', 'q071-desc',now(),now(),'RU'),
(2069, 2, 2, 'q072-pic', 'q072-pic2x', 'q072-title', 'q072-desc',now(),now(),'RU'),
(2070, 3, 3, 'q073-pic', 'q073-pic2x', 'q073-title', 'q073-desc',now(),now(),'RU'),
(2071, 4, 4, 'q074-pic', 'q074-pic2x', 'q074-title', 'q074-desc',now(),now(),'RU'),
(2072, 1, 1, 'q075-pic', 'q075-pic2x', 'q075-title', 'q075-desc',now(),now(),'RU'),
(2073, 2, 2, 'q076-pic', 'q076-pic2x', 'q076-title', 'q076-desc',now(),now(),'RU'),
(2074, 3, 3, 'q077-pic', 'q077-pic2x', 'q077-title', 'q077-desc',now(),now(),'RU'),
(2075, 4, 4, 'q078-pic', 'q078-pic2x', 'q078-title', 'q078-desc',now(),now(),'RU'),
(2076, 1, 1, 'q079-pic', 'q079-pic2x', 'q079-title', 'q079-desc',now(),now(),'RU'),
(2077, 2, 2, 'q080-pic', 'q080-pic2x', 'q080-title', 'q080-desc',now(),now(),'RU'),
(2078, 3, 3, 'q081-pic', 'q081-pic2x', 'q081-title', 'q081-desc',now(),now(),'RU'),
(2079, 4, 4, 'q082-pic', 'q082-pic2x', 'q082-title', 'q082-desc',now(),now(),'RU'),
(2080, 1, 1, 'q083-pic', 'q083-pic2x', 'q083-title', 'q083-desc',now(),now(),'RU'),
(2081, 2, 2, 'q084-pic', 'q084-pic2x', 'q084-title', 'q084-desc',now(),now(),'RU'),
(2082, 3, 3, 'q085-pic', 'q085-pic2x', 'q085-title', 'q085-desc',now(),now(),'RU'),
(2083, 4, 4, 'q086-pic', 'q086-pic2x', 'q086-title', 'q086-desc',now(),now(),'RU'),
(2084, 1, 1, 'q087-pic', 'q087-pic2x', 'q087-title', 'q087-desc',now(),now(),'RU'),
(2085, 2, 2, 'q088-pic', 'q088-pic2x', 'q088-title', 'q088-desc',now(),now(),'RU'),
(2086, 3, 3, 'q089-pic', 'q089-pic2x', 'q089-title', 'q089-desc',now(),now(),'RU'),
(2087, 4, 4, 'q090-pic', 'q090-pic2x', 'q090-title', 'q090-desc',now(),now(),'RU'),
(2088, 1, 1, 'q091-pic', 'q091-pic2x', 'q091-title', 'q091-desc',now(),now(),'RU'),
(2089, 2, 2, 'q092-pic', 'q092-pic2x', 'q092-title', 'q092-desc',now(),now(),'RU'),
(2090, 3, 3, 'q093-pic', 'q093-pic2x', 'q093-title', 'q093-desc',now(),now(),'RU'),
(2091, 4, 4, 'q094-pic', 'q094-pic2x', 'q094-title', 'q094-desc',now(),now(),'RU'),
(2092, 1, 1, 'q095-pic', 'q095-pic2x', 'q095-title', 'q095-desc',now(),now(),'RU'),
(2093, 2, 2, 'q096-pic', 'q096-pic2x', 'q096-title', 'q096-desc',now(),now(),'RU'),
(2094, 3, 3, 'q097-pic', 'q097-pic2x', 'q097-title', 'q097-desc',now(),now(),'RU'),
(2095, 4, 4, 'q098-pic', 'q098-pic2x', 'q098-title', 'q098-desc',now(),now(),'RU'),
(2096, 1, 1, 'q099-pic', 'q099-pic2x', 'q099-title', 'q099-desc',now(),now(),'RU'),
(2097, 2, 2, 'q100-pic', 'q100-pic2x', 'q100-title', 'q100-desc',now(),now(),'RU'),
(2098, 3, 3, 'q101-pic', 'q101-pic2x', 'q101-title', 'q101-desc',now(),now(),'RU'),
(2099, 4, 4, 'q102-pic', 'q102-pic2x', 'q102-title', 'q102-desc',now(),now(),'RU'),
(3000, 1, 1, 'q003-pic', 'q003-pic2x', 'q003-title', 'q003-desc',now(),now(),'ES'),
(3001, 2, 2, 'q004-pic', 'q004-pic2x', 'q004-title', 'q004-desc',now(),now(),'ES'),
(3002, 3, 3, 'q005-pic', 'q005-pic2x', 'q005-title', 'q005-desc',now(),now(),'ES'),
(3003, 4, 4, 'q006-pic', 'q006-pic2x', 'q006-title', 'q006-desc',now(),now(),'ES'),
(3004, 1, 1, 'q007-pic', 'q007-pic2x', 'q007-title', 'q007-desc',now(),now(),'ES'),
(3005, 2, 2, 'q008-pic', 'q008-pic2x', 'q008-title', 'q008-desc',now(),now(),'ES'),
(3006, 3, 3, 'q009-pic', 'q009-pic2x', 'q009-title', 'q009-desc',now(),now(),'ES'),
(3007, 4, 4, 'q010-pic', 'q010-pic2x', 'q010-title', 'q010-desc',now(),now(),'ES'),
(3008, 1, 1, 'q011-pic', 'q011-pic2x', 'q011-title', 'q011-desc',now(),now(),'ES'),
(3009, 2, 2, 'q012-pic', 'q012-pic2x', 'q012-title', 'q012-desc',now(),now(),'ES'),
(3010, 3, 3, 'q013-pic', 'q013-pic2x', 'q013-title', 'q013-desc',now(),now(),'ES'),
(3011, 4, 4, 'q014-pic', 'q014-pic2x', 'q014-title', 'q014-desc',now(),now(),'ES'),
(3012, 1, 1, 'q015-pic', 'q015-pic2x', 'q015-title', 'q015-desc',now(),now(),'ES'),
(3013, 2, 2, 'q016-pic', 'q016-pic2x', 'q016-title', 'q016-desc',now(),now(),'ES'),
(3014, 3, 3, 'q017-pic', 'q017-pic2x', 'q017-title', 'q017-desc',now(),now(),'ES'),
(3015, 4, 4, 'q018-pic', 'q018-pic2x', 'q018-title', 'q018-desc',now(),now(),'ES'),
(3016, 1, 1, 'q019-pic', 'q019-pic2x', 'q019-title', 'q019-desc',now(),now(),'ES'),
(3017, 2, 2, 'q020-pic', 'q020-pic2x', 'q020-title', 'q020-desc',now(),now(),'ES'),
(3018, 3, 3, 'q021-pic', 'q021-pic2x', 'q021-title', 'q021-desc',now(),now(),'ES'),
(3019, 4, 4, 'q022-pic', 'q022-pic2x', 'q022-title', 'q022-desc',now(),now(),'ES'),
(3020, 1, 1, 'q023-pic', 'q023-pic2x', 'q023-title', 'q023-desc',now(),now(),'ES'),
(3021, 2, 2, 'q024-pic', 'q024-pic2x', 'q024-title', 'q024-desc',now(),now(),'ES'),
(3022, 3, 3, 'q025-pic', 'q025-pic2x', 'q025-title', 'q025-desc',now(),now(),'ES'),
(3023, 4, 4, 'q026-pic', 'q026-pic2x', 'q026-title', 'q026-desc',now(),now(),'ES'),
(3024, 1, 1, 'q027-pic', 'q027-pic2x', 'q027-title', 'q027-desc',now(),now(),'ES'),
(3025, 2, 2, 'q028-pic', 'q028-pic2x', 'q028-title', 'q028-desc',now(),now(),'ES'),
(3026, 3, 3, 'q029-pic', 'q029-pic2x', 'q029-title', 'q029-desc',now(),now(),'ES'),
(3027, 4, 4, 'q030-pic', 'q030-pic2x', 'q030-title', 'q030-desc',now(),now(),'ES'),
(3028, 1, 1, 'q031-pic', 'q031-pic2x', 'q031-title', 'q031-desc',now(),now(),'ES'),
(3029, 2, 2, 'q032-pic', 'q032-pic2x', 'q032-title', 'q032-desc',now(),now(),'ES'),
(3030, 3, 3, 'q033-pic', 'q033-pic2x', 'q033-title', 'q033-desc',now(),now(),'ES'),
(3031, 4, 4, 'q034-pic', 'q034-pic2x', 'q034-title', 'q034-desc',now(),now(),'ES'),
(3032, 1, 1, 'q035-pic', 'q035-pic2x', 'q035-title', 'q035-desc',now(),now(),'ES'),
(3033, 2, 2, 'q036-pic', 'q036-pic2x', 'q036-title', 'q036-desc',now(),now(),'ES'),
(3034, 3, 3, 'q037-pic', 'q037-pic2x', 'q037-title', 'q037-desc',now(),now(),'ES'),
(3035, 4, 4, 'q038-pic', 'q038-pic2x', 'q038-title', 'q038-desc',now(),now(),'ES'),
(3036, 1, 1, 'q039-pic', 'q039-pic2x', 'q039-title', 'q039-desc',now(),now(),'ES'),
(3037, 2, 2, 'q040-pic', 'q040-pic2x', 'q040-title', 'q040-desc',now(),now(),'ES'),
(3038, 3, 3, 'q041-pic', 'q041-pic2x', 'q041-title', 'q041-desc',now(),now(),'ES'),
(3039, 4, 4, 'q042-pic', 'q042-pic2x', 'q042-title', 'q042-desc',now(),now(),'ES'),
(3040, 1, 1, 'q043-pic', 'q043-pic2x', 'q043-title', 'q043-desc',now(),now(),'ES'),
(3041, 2, 2, 'q044-pic', 'q044-pic2x', 'q044-title', 'q044-desc',now(),now(),'ES'),
(3042, 3, 3, 'q045-pic', 'q045-pic2x', 'q045-title', 'q045-desc',now(),now(),'ES'),
(3043, 4, 4, 'q046-pic', 'q046-pic2x', 'q046-title', 'q046-desc',now(),now(),'ES'),
(3044, 1, 1, 'q047-pic', 'q047-pic2x', 'q047-title', 'q047-desc',now(),now(),'ES'),
(3045, 2, 2, 'q048-pic', 'q048-pic2x', 'q048-title', 'q048-desc',now(),now(),'ES'),
(3046, 3, 3, 'q049-pic', 'q049-pic2x', 'q049-title', 'q049-desc',now(),now(),'ES'),
(3047, 4, 4, 'q050-pic', 'q050-pic2x', 'q050-title', 'q050-desc',now(),now(),'ES'),
(3048, 1, 1, 'q051-pic', 'q051-pic2x', 'q051-title', 'q051-desc',now(),now(),'ES'),
(3049, 2, 2, 'q052-pic', 'q052-pic2x', 'q052-title', 'q052-desc',now(),now(),'ES'),
(3050, 3, 3, 'q053-pic', 'q053-pic2x', 'q053-title', 'q053-desc',now(),now(),'ES'),
(3051, 4, 4, 'q054-pic', 'q054-pic2x', 'q054-title', 'q054-desc',now(),now(),'ES'),
(3052, 1, 1, 'q055-pic', 'q055-pic2x', 'q055-title', 'q055-desc',now(),now(),'ES'),
(3053, 2, 2, 'q056-pic', 'q056-pic2x', 'q056-title', 'q056-desc',now(),now(),'ES'),
(3054, 3, 3, 'q057-pic', 'q057-pic2x', 'q057-title', 'q057-desc',now(),now(),'ES'),
(3055, 4, 4, 'q058-pic', 'q058-pic2x', 'q058-title', 'q058-desc',now(),now(),'ES'),
(3056, 1, 1, 'q059-pic', 'q059-pic2x', 'q059-title', 'q059-desc',now(),now(),'ES'),
(3057, 2, 2, 'q060-pic', 'q060-pic2x', 'q060-title', 'q060-desc',now(),now(),'ES'),
(3058, 3, 3, 'q061-pic', 'q061-pic2x', 'q061-title', 'q061-desc',now(),now(),'ES'),
(3059, 4, 4, 'q062-pic', 'q062-pic2x', 'q062-title', 'q062-desc',now(),now(),'ES'),
(3060, 1, 1, 'q063-pic', 'q063-pic2x', 'q063-title', 'q063-desc',now(),now(),'ES'),
(3061, 2, 2, 'q064-pic', 'q064-pic2x', 'q064-title', 'q064-desc',now(),now(),'ES'),
(3062, 3, 3, 'q065-pic', 'q065-pic2x', 'q065-title', 'q065-desc',now(),now(),'ES'),
(3063, 4, 4, 'q066-pic', 'q066-pic2x', 'q066-title', 'q066-desc',now(),now(),'ES'),
(3064, 1, 1, 'q067-pic', 'q067-pic2x', 'q067-title', 'q067-desc',now(),now(),'ES'),
(3065, 2, 2, 'q068-pic', 'q068-pic2x', 'q068-title', 'q068-desc',now(),now(),'ES'),
(3066, 3, 3, 'q069-pic', 'q069-pic2x', 'q069-title', 'q069-desc',now(),now(),'ES'),
(3067, 4, 4, 'q070-pic', 'q070-pic2x', 'q070-title', 'q070-desc',now(),now(),'ES'),
(3068, 1, 1, 'q071-pic', 'q071-pic2x', 'q071-title', 'q071-desc',now(),now(),'ES'),
(3069, 2, 2, 'q072-pic', 'q072-pic2x', 'q072-title', 'q072-desc',now(),now(),'ES'),
(3070, 3, 3, 'q073-pic', 'q073-pic2x', 'q073-title', 'q073-desc',now(),now(),'ES'),
(3071, 4, 4, 'q074-pic', 'q074-pic2x', 'q074-title', 'q074-desc',now(),now(),'ES'),
(3072, 1, 1, 'q075-pic', 'q075-pic2x', 'q075-title', 'q075-desc',now(),now(),'ES'),
(3073, 2, 2, 'q076-pic', 'q076-pic2x', 'q076-title', 'q076-desc',now(),now(),'ES'),
(3074, 3, 3, 'q077-pic', 'q077-pic2x', 'q077-title', 'q077-desc',now(),now(),'ES'),
(3075, 4, 4, 'q078-pic', 'q078-pic2x', 'q078-title', 'q078-desc',now(),now(),'ES'),
(3076, 1, 1, 'q079-pic', 'q079-pic2x', 'q079-title', 'q079-desc',now(),now(),'ES'),
(3077, 2, 2, 'q080-pic', 'q080-pic2x', 'q080-title', 'q080-desc',now(),now(),'ES'),
(3078, 3, 3, 'q081-pic', 'q081-pic2x', 'q081-title', 'q081-desc',now(),now(),'ES'),
(3079, 4, 4, 'q082-pic', 'q082-pic2x', 'q082-title', 'q082-desc',now(),now(),'ES'),
(3080, 1, 1, 'q083-pic', 'q083-pic2x', 'q083-title', 'q083-desc',now(),now(),'ES'),
(3081, 2, 2, 'q084-pic', 'q084-pic2x', 'q084-title', 'q084-desc',now(),now(),'ES'),
(3082, 3, 3, 'q085-pic', 'q085-pic2x', 'q085-title', 'q085-desc',now(),now(),'ES'),
(3083, 4, 4, 'q086-pic', 'q086-pic2x', 'q086-title', 'q086-desc',now(),now(),'ES'),
(3084, 1, 1, 'q087-pic', 'q087-pic2x', 'q087-title', 'q087-desc',now(),now(),'ES'),
(3085, 2, 2, 'q088-pic', 'q088-pic2x', 'q088-title', 'q088-desc',now(),now(),'ES'),
(3086, 3, 3, 'q089-pic', 'q089-pic2x', 'q089-title', 'q089-desc',now(),now(),'ES'),
(3087, 4, 4, 'q090-pic', 'q090-pic2x', 'q090-title', 'q090-desc',now(),now(),'ES'),
(3088, 1, 1, 'q091-pic', 'q091-pic2x', 'q091-title', 'q091-desc',now(),now(),'ES'),
(3089, 2, 2, 'q092-pic', 'q092-pic2x', 'q092-title', 'q092-desc',now(),now(),'ES'),
(3090, 3, 3, 'q093-pic', 'q093-pic2x', 'q093-title', 'q093-desc',now(),now(),'ES'),
(3091, 4, 4, 'q094-pic', 'q094-pic2x', 'q094-title', 'q094-desc',now(),now(),'ES'),
(3092, 1, 1, 'q095-pic', 'q095-pic2x', 'q095-title', 'q095-desc',now(),now(),'ES'),
(3093, 2, 2, 'q096-pic', 'q096-pic2x', 'q096-title', 'q096-desc',now(),now(),'ES'),
(3094, 3, 3, 'q097-pic', 'q097-pic2x', 'q097-title', 'q097-desc',now(),now(),'ES'),
(3095, 4, 4, 'q098-pic', 'q098-pic2x', 'q098-title', 'q098-desc',now(),now(),'ES'),
(3096, 1, 1, 'q099-pic', 'q099-pic2x', 'q099-title', 'q099-desc',now(),now(),'ES'),
(3097, 2, 2, 'q100-pic', 'q100-pic2x', 'q100-title', 'q100-desc',now(),now(),'ES'),
(3098, 3, 3, 'q101-pic', 'q101-pic2x', 'q101-title', 'q101-desc',now(),now(),'ES'),
(3099, 4, 4, 'q102-pic', 'q102-pic2x', 'q102-title', 'q102-desc',now(),now(),'ES');

insert into question_group (question_id, groups) values 
(1,'HORIZONS'),
(2,'HORIZONS'),
(3,'HORIZONS'),
(4,'HORIZONS'),
(5,'HORIZONS'),
(6,'HORIZONS'),
(7,'HORIZONS'),
(8,'HORIZONS'),
(9,'HORIZONS'),
(10,'HORIZONS'),
(11,'GRAMMAR'),
(12,'GRAMMAR'),
(13,'GRAMMAR'),
(14,'GRAMMAR'),
(15,'GRAMMAR'),
(16,'GRAMMAR'),
(17,'GRAMMAR'),
(18,'GRAMMAR'),
(19,'GRAMMAR'),
(20,'GRAMMAR'),
(21,'GRAMMAR'),
(22,'GRAMMAR'),
(23,'GRAMMAR'),
(24,'GRAMMAR'),
(25,'GRAMMAR'),
(26,'GRAMMAR'),
(27,'GRAMMAR'),
(28,'LOGIC'),
(29,'MATH'),
(30,'LOGIC'),
(31,'LOGIC'),
(32,'LOGIC'),
(33,'LOGIC'),
(34,'HORIZONS'),
(35,'LOGIC'),
(36,'MATH'),
(37,'HORIZONS'),
(38,'LOGIC'),
(39,'LOGIC'),
(40,'MATH'),
(41,'LOGIC'),
(42,'LOGIC'),
(43,'LOGIC'),
(44,'HORIZONS'),
(45,'MATH'),
(46,'HORIZONS'),
(47,'GRAMMAR'),
(48,'MATH'),
(49,'LOGIC'),
(50,'LOGIC'),
(51,'MATH'),
(52,'MATH'),
(53,'HORIZONS'),
(54,'GRAMMAR'),
(55,'MATH'),
(56,'LOGIC'),
(57,'MATH'),
(58,'MATH'),
(59,'MATH'),
(60,'LOGIC'),
(61,'MATH'),
(62,'MATH'),
(63,'GRAMMAR'),
(64,'LOGIC'),
(65,'GRAMMAR'),
(66,'LOGIC'),
(67,'MATH'),
(68,'HORIZONS'),
(69,'HORIZONS'),
(70,'HORIZONS'),
(71,'HORIZONS'),
(72,'HORIZONS'),
(73,'HORIZONS'),
(74,'HORIZONS'),
(75,'HORIZONS'),
(76,'HORIZONS'),
(77,'HORIZONS'),
(78,'GRAMMAR'),
(79,'GRAMMAR'),
(80,'GRAMMAR'),
(81,'GRAMMAR'),
(82,'GRAMMAR'),
(83,'GRAMMAR'),
(84,'GRAMMAR'),
(85,'GRAMMAR'),
(86,'GRAMMAR'),
(87,'GRAMMAR'),
(88,'GRAMMAR'),
(89,'GRAMMAR'),
(90,'GRAMMAR'),
(91,'GRAMMAR'),
(92,'GRAMMAR'),
(93,'GRAMMAR'),
(94,'GRAMMAR'),
(95,'LOGIC'),
(96,'MATH'),
(97,'LOGIC'),
(98,'LOGIC'),
(99,'LOGIC'),
(100,'LOGIC'),
(1000,'HORIZONS'),
(1001,'LOGIC'),
(1002,'MATH'),
(1003,'HORIZONS'),
(1004,'LOGIC'),
(1005,'LOGIC'),
(1006,'MATH'),
(1007,'LOGIC'),
(1008,'LOGIC'),
(1009,'LOGIC'),
(1010,'HORIZONS'),
(1011,'MATH'),
(1012,'HORIZONS'),
(1013,'GRAMMAR'),
(1014,'MATH'),
(1015,'LOGIC'),
(1016,'LOGIC'),
(1017,'MATH'),
(1018,'MATH'),
(1019,'HORIZONS'),
(1020,'GRAMMAR'),
(1021,'MATH'),
(1022,'LOGIC'),
(1023,'MATH'),
(1024,'MATH'),
(1025,'MATH'),
(1026,'LOGIC'),
(1027,'MATH'),
(1028,'MATH'),
(1029,'GRAMMAR'),
(1030,'LOGIC'),
(1031,'GRAMMAR'),
(1032,'LOGIC'),
(1033,'MATH'),
(1034,'HORIZONS'),
(1035,'HORIZONS'),
(1036,'HORIZONS'),
(1037,'HORIZONS'),
(1038,'HORIZONS'),
(1039,'HORIZONS'),
(1040,'HORIZONS'),
(1041,'HORIZONS'),
(1042,'HORIZONS'),
(1043,'HORIZONS'),
(1044,'GRAMMAR'),
(1045,'GRAMMAR'),
(1046,'GRAMMAR'),
(1047,'GRAMMAR'),
(1048,'GRAMMAR'),
(1049,'GRAMMAR'),
(1050,'GRAMMAR'),
(1051,'GRAMMAR'),
(1052,'GRAMMAR'),
(1053,'GRAMMAR'),
(1054,'GRAMMAR'),
(1055,'GRAMMAR'),
(1056,'GRAMMAR'),
(1057,'GRAMMAR'),
(1058,'GRAMMAR'),
(1059,'GRAMMAR'),
(1060,'GRAMMAR'),
(1061,'LOGIC'),
(1062,'MATH'),
(1063,'LOGIC'),
(1064,'LOGIC'),
(1065,'LOGIC'),
(1066,'LOGIC'),
(1067,'HORIZONS'),
(1068,'LOGIC'),
(1069,'MATH'),
(1070,'HORIZONS'),
(1071,'LOGIC'),
(1072,'LOGIC'),
(1073,'MATH'),
(1074,'LOGIC'),
(1075,'LOGIC'),
(1076,'LOGIC'),
(1077,'HORIZONS'),
(1078,'MATH'),
(1079,'HORIZONS'),
(1080,'GRAMMAR'),
(1081,'MATH'),
(1082,'LOGIC'),
(1083,'LOGIC'),
(1084,'MATH'),
(1085,'MATH'),
(1086,'HORIZONS'),
(1087,'GRAMMAR'),
(1088,'MATH'),
(1089,'LOGIC'),
(1090,'MATH'),
(1091,'MATH'),
(1092,'MATH'),
(1093,'LOGIC'),
(1094,'MATH'),
(1095,'MATH'),
(1096,'GRAMMAR'),
(1097,'LOGIC'),
(1098,'GRAMMAR'),
(1099,'LOGIC'),
(2000,'MATH'),
(2001,'HORIZONS'),
(2002,'LOGIC'),
(2003,'MATH'),
(2004,'HORIZONS'),
(2005,'LOGIC'),
(2006,'LOGIC'),
(2007,'MATH'),
(2008,'LOGIC'),
(2009,'LOGIC'),
(2010,'LOGIC'),
(2011,'HORIZONS'),
(2012,'MATH'),
(2013,'HORIZONS'),
(2014,'GRAMMAR'),
(2015,'MATH'),
(2016,'LOGIC'),
(2017,'LOGIC'),
(2018,'MATH'),
(2019,'MATH'),
(2020,'HORIZONS'),
(2021,'GRAMMAR'),
(2022,'MATH'),
(2023,'LOGIC'),
(2024,'MATH'),
(2025,'MATH'),
(2026,'MATH'),
(2027,'LOGIC'),
(2028,'MATH'),
(2029,'MATH'),
(2030,'GRAMMAR'),
(2031,'LOGIC'),
(2032,'GRAMMAR'),
(2033,'LOGIC'),
(2034,'MATH'),
(2035,'HORIZONS'),
(2036,'HORIZONS'),
(2037,'HORIZONS'),
(2038,'HORIZONS'),
(2039,'HORIZONS'),
(2040,'HORIZONS'),
(2041,'HORIZONS'),
(2042,'HORIZONS'),
(2043,'HORIZONS'),
(2044,'HORIZONS'),
(2045,'GRAMMAR'),
(2046,'GRAMMAR'),
(2047,'GRAMMAR'),
(2048,'GRAMMAR'),
(2049,'GRAMMAR'),
(2050,'GRAMMAR'),
(2051,'GRAMMAR'),
(2052,'GRAMMAR'),
(2053,'GRAMMAR'),
(2054,'GRAMMAR'),
(2055,'GRAMMAR'),
(2056,'GRAMMAR'),
(2057,'GRAMMAR'),
(2058,'GRAMMAR'),
(2059,'GRAMMAR'),
(2060,'GRAMMAR'),
(2061,'GRAMMAR'),
(2062,'LOGIC'),
(2063,'MATH'),
(2064,'LOGIC'),
(2065,'LOGIC'),
(2066,'LOGIC'),
(2067,'LOGIC'),
(2068,'HORIZONS'),
(2069,'LOGIC'),
(2070,'MATH'),
(2071,'HORIZONS'),
(2072,'LOGIC'),
(2073,'LOGIC'),
(2074,'MATH'),
(2075,'LOGIC'),
(2076,'LOGIC'),
(2077,'LOGIC'),
(2078,'HORIZONS'),
(2079,'MATH'),
(2080,'HORIZONS'),
(2081,'GRAMMAR'),
(2082,'MATH'),
(2083,'LOGIC'),
(2084,'LOGIC'),
(2085,'MATH'),
(2086,'MATH'),
(2087,'HORIZONS'),
(2088,'GRAMMAR'),
(2089,'MATH'),
(2090,'LOGIC'),
(2091,'MATH'),
(2092,'MATH'),
(2093,'MATH'),
(2094,'LOGIC'),
(2095,'MATH'),
(2096,'MATH'),
(2097,'GRAMMAR'),
(2098,'LOGIC'),
(2099,'GRAMMAR'),
(3000,'LOGIC'),
(3001,'MATH'),
(3002,'HORIZONS'),
(3003,'LOGIC'),
(3004,'MATH'),
(3005,'HORIZONS'),
(3006,'LOGIC'),
(3007,'LOGIC'),
(3008,'MATH'),
(3009,'LOGIC'),
(3010,'LOGIC'),
(3011,'LOGIC'),
(3012,'HORIZONS'),
(3013,'MATH'),
(3014,'HORIZONS'),
(3015,'GRAMMAR'),
(3016,'MATH'),
(3017,'LOGIC'),
(3018,'LOGIC'),
(3019,'MATH'),
(3020,'MATH'),
(3021,'HORIZONS'),
(3022,'GRAMMAR'),
(3023,'MATH'),
(3024,'LOGIC'),
(3025,'MATH'),
(3026,'MATH'),
(3027,'MATH'),
(3028,'LOGIC'),
(3029,'MATH'),
(3030,'MATH'),
(3031,'GRAMMAR'),
(3032,'LOGIC'),
(3033,'GRAMMAR'),
(3034,'LOGIC'),
(3035,'MATH'),
(3036,'HORIZONS'),
(3037,'HORIZONS'),
(3038,'HORIZONS'),
(3039,'HORIZONS'),
(3040,'HORIZONS'),
(3041,'HORIZONS'),
(3042,'HORIZONS'),
(3043,'HORIZONS'),
(3044,'HORIZONS'),
(3045,'HORIZONS'),
(3046,'GRAMMAR'),
(3047,'GRAMMAR'),
(3048,'GRAMMAR'),
(3049,'GRAMMAR'),
(3050,'GRAMMAR'),
(3051,'GRAMMAR'),
(3052,'GRAMMAR'),
(3053,'GRAMMAR'),
(3054,'GRAMMAR'),
(3055,'GRAMMAR'),
(3056,'GRAMMAR'),
(3057,'GRAMMAR'),
(3058,'GRAMMAR'),
(3059,'GRAMMAR'),
(3060,'GRAMMAR'),
(3061,'GRAMMAR'),
(3062,'GRAMMAR'),
(3063,'LOGIC'),
(3064,'MATH'),
(3065,'LOGIC'),
(3066,'LOGIC'),
(3067,'LOGIC'),
(3068,'LOGIC'),
(3069,'HORIZONS'),
(3070,'LOGIC'),
(3071,'MATH'),
(3072,'HORIZONS'),
(3073,'LOGIC'),
(3074,'LOGIC'),
(3075,'MATH'),
(3076,'LOGIC'),
(3077,'LOGIC'),
(3078,'LOGIC'),
(3079,'HORIZONS'),
(3080,'MATH'),
(3081,'HORIZONS'),
(3082,'GRAMMAR'),
(3083,'MATH'),
(3084,'LOGIC'),
(3085,'LOGIC'),
(3086,'MATH'),
(3087,'MATH'),
(3088,'HORIZONS'),
(3089,'GRAMMAR'),
(3090,'MATH'),
(3091,'LOGIC'),
(3092,'MATH'),
(3093,'MATH'),
(3094,'MATH'),
(3095,'LOGIC'),
(3096,'MATH'),
(3097,'MATH'),
(3098,'GRAMMAR'),
(3099,'LOGIC');